,hero_r1,hero_r2,stage_pre,stage_flop,stage_turn,stage_river,board_r1,board_r2,board_r3,board_r4,board_r5,suit_po,stra_po,gut_po,position_norm,facing_ratio,if_fold,hero_bet_ratio,result
0,0.357,0.5,1,0,0,0,0.0,0.0,0.0,0.0,0.0,0.2,0.2,0,0.167,0.667,0,1.333,0.175
1,0.357,0.5,0,1,0,0,0.5,0.286,0.429,0.0,0.0,0.4,0.8,0,0.167,0.0,0,0.571,0.175
2,0.357,0.5,0,0,1,0,0.5,0.286,0.429,0.929,0.0,0.4,0.8,0,0.167,0.0,0,0.0,0.175
3,0.357,0.5,0,0,1,0,0.5,0.286,0.429,0.929,0.0,0.4,0.8,0,0.167,0.4,0,0.4,0.175
4,0.357,0.5,0,0,0,1,0.5,0.286,0.429,0.929,0.786,0.4,0.8,0,0.167,0.0,0,0.514,0.175
5,0.5,0.929,1,0,0,0,0.0,0.0,0.0,0.0,0.0,0.2,0.2,0,0.333,0.8,0,0.4,0.05
6,0.5,0.929,0,1,0,0,0.286,0.143,0.286,0.0,0.0,0.6,0.2,0,0.333,0.0,0,0.0,0.05
7,0.5,0.929,0,0,1,0,0.286,0.143,0.286,0.571,0.0,0.6,0.4,0,0.333,0.0,0,0.714,0.05
8,0.5,0.929,0,0,0,1,0.286,0.143,0.286,0.571,0.571,0.8,0.4,0,0.333,0.0,0,0.0,0.05
9,0.429,0.5,1,0,0,0,0.0,0.0,0.0,0.0,0.0,0.4,0.4,0,0.5,0.667,0,0.667,-0.02
10,0.429,0.5,1,0,0,0,0.0,0.0,0.0,0.0,0.0,0.4,0.4,0,0.5,0.69,1,-0.069,-0.02
11,0.857,0.357,1,0,0,0,0.0,0.0,0.0,0.0,0.0,0.4,0.2,0,0.667,0.667,1,0.0,0.0
12,0.571,0.5,1,0,0,0,0.0,0.0,0.0,0.0,0.0,0.4,0.4,0,0.833,0.833,0,0.833,0.085
13,0.571,0.5,0,1,0,0,0.929,0.5,0.643,0.0,0.0,0.4,0.6,0,0.833,0.0,0,0.6,0.085
14,0.357,0.571,1,0,0,0,0.0,0.0,0.0,0.0,0.0,0.2,0.2,0,0.0,0.667,0,1.333,-0.02
15,0.357,0.571,1,0,0,0,0.0,0.0,0.0,0.0,0.0,0.2,0.2,0,0.0,0.37,1,-0.148,-0.02
16,0.929,0.429,1,0,0,0,0.0,0.0,0.0,0.0,0.0,0.2,0.2,0,0.167,0.8,1,0.0,-0.01
17,0.143,0.429,1,0,0,0,0.0,0.0,0.0,0.0,0.0,0.2,0.2,0,0.333,0.962,1,0.0,-0.02
18,0.714,1.0,1,0,0,0,0.0,0.0,0.0,0.0,0.0,0.2,0.2,0,0.5,0.667,0,1.333,0.11
19,0.714,1.0,0,1,0,0,0.714,0.571,0.357,0.0,0.0,0.4,0.2,0,0.5,0.0,0,0.0,0.11
20,0.714,1.0,0,0,1,0,0.714,0.571,0.357,0.429,0.0,0.4,0.4,0,0.5,0.0,0,0.667,0.11
21,0.714,1.0,0,0,0,1,0.714,0.571,0.357,0.429,0.214,0.4,0.4,0,0.5,0.0,0,0.0,0.11
22,0.143,0.357,1,0,0,0,0.0,0.0,0.0,0.0,0.0,0.2,0.2,0,0.667,0.667,1,0.0,0.0
23,0.357,0.929,1,0,0,0,0.0,0.0,0.0,0.0,0.0,0.2,0.2,0,0.833,0.667,1,0.0,0.0
24,0.857,0.5,1,0,0,0,0.0,0.0,0.0,0.0,0.0,0.2,0.2,0,0.0,0.667,1,0.0,0.0
25,0.857,0.857,1,0,0,0,0.0,0.0,0.0,0.0,0.0,0.2,0.2,0,0.167,0.4,0,0.8,0.05
26,0.857,0.857,0,1,0,0,0.286,0.643,0.143,0.0,0.0,0.4,0.2,0,0.167,0.0,0,0.0,0.05
27,0.857,0.857,0,0,1,0,0.286,0.643,0.143,0.929,0.0,0.6,0.4,0,0.167,0.0,0,0.556,0.05
28,0.929,0.714,1,0,0,0,0.0,0.0,0.0,0.0,0.0,0.2,0.2,0,0.333,0.571,0,1.143,0.1
29,0.929,0.714,0,1,0,0,0.929,0.643,0.786,0.0,0.0,0.4,0.6,1,0.333,0.0,0,0.647,0.1
30,0.571,0.214,1,0,0,0,0.0,0.0,0.0,0.0,0.0,0.2,0.2,0,0.5,0.667,1,0.0,0.0
31,0.929,0.857,1,0,0,0,0.0,0.0,0.0,0.0,0.0,0.2,0.4,0,0.667,0.667,0,2.0,0.36
32,0.929,0.857,1,0,0,0,0.0,0.0,0.0,0.0,0.0,0.2,0.4,0,0.667,0.682,0,14.136,0.36
33,0.143,0.857,1,0,0,0,0.0,0.0,0.0,0.0,0.0,0.2,0.2,0,0.833,0.667,1,0.0,0.0
34,1.0,0.714,1,0,0,0,0.0,0.0,0.0,0.0,0.0,0.2,0.2,0,0.0,0.889,0,0.889,-0.08
35,1.0,0.714,0,1,0,0,0.714,0.571,0.214,0.0,0.0,0.6,0.2,0,0.0,0.674,1,0.0,-0.08
36,0.357,0.5,1,0,0,0,0.0,0.0,0.0,0.0,0.0,0.2,0.2,0,0.167,0.7,1,0.0,-0.01
37,0.857,0.214,1,0,0,0,0.0,0.0,0.0,0.0,0.0,0.2,0.2,0,0.333,0.4,0,0.0,-0.05
38,0.857,0.214,0,1,0,0,0.429,0.929,0.643,0.0,0.0,0.4,0.4,0,0.333,0.0,0,0.0,-0.05
39,0.857,0.214,0,0,1,0,0.429,0.929,0.643,0.714,0.0,0.4,0.4,1,0.333,0.0,0,0.6,-0.05
40,0.857,0.214,0,0,0,1,0.429,0.929,0.643,0.714,0.357,0.6,0.4,1,0.333,0.0,0,0.0,-0.05
41,0.429,0.429,1,0,0,0,0.0,0.0,0.0,0.0,0.0,0.2,0.2,0,0.5,0.667,0,0.667,0.14
42,0.429,0.429,1,0,0,0,0.0,0.0,0.0,0.0,0.0,0.2,0.2,0,0.5,0.222,0,0.0,0.14
43,0.429,0.429,0,1,0,0,0.714,0.714,0.429,0.0,0.0,0.4,0.2,0,0.5,0.0,0,0.0,0.14
44,0.429,0.429,0,1,0,0,0.714,0.714,0.429,0.0,0.0,0.4,0.2,0,0.5,0.421,0,0.421,0.14
45,0.429,0.429,0,0,1,0,0.714,0.714,0.429,0.929,0.0,0.4,0.2,0,0.5,0.0,0,0.0,0.14
46,0.429,0.429,0,0,0,1,0.714,0.714,0.429,0.929,0.143,0.6,0.2,0,0.5,0.0,0,0.0,0.14
47,0.786,0.857,1,0,0,0,0.0,0.0,0.0,0.0,0.0,0.2,0.4,0,0.667,0.833,0,0.833,0.09
48,0.786,0.857,0,1,0,0,0.286,1.0,0.143,0.0,0.0,0.6,0.4,0,0.667,0.0,0,0.0,0.09
49,0.786,0.857,0,0,1,0,0.286,1.0,0.143,0.143,0.0,0.6,0.4,0,0.667,0.0,0,0.0,0.09
50,0.786,0.857,0,0,0,1,0.286,1.0,0.143,0.143,0.357,0.8,0.4,1,0.667,0.0,0,0.375,0.09
51,0.929,0.571,1,0,0,0,0.0,0.0,0.0,0.0,0.0,0.2,0.2,0,0.833,0.667,1,0.0,0.0
52,0.643,0.143,1,0,0,0,0.0,0.0,0.0,0.0,0.0,0.2,0.2,0,0.0,0.667,1,0.0,0.0
53,0.286,0.357,1,0,0,0,0.0,0.0,0.0,0.0,0.0,0.2,0.4,0,0.167,0.4,0,0.2,0.03
54,0.286,0.357,0,1,0,0,0.714,0.429,0.429,0.0,0.0,0.4,0.6,0,0.167,0.0,0,0.0,0.03
55,0.286,0.357,0,0,1,0,0.714,0.429,0.429,0.286,0.0,0.4,0.6,0,0.167,0.0,0,0.5,0.03
56,0.286,0.929,1,0,0,0,0.0,0.0,0.0,0.0,0.0,0.4,0.2,0,0.333,0.462,0,0.308,-0.06
57,0.286,0.929,0,1,0,0,0.5,0.714,0.143,0.0,0.0,0.4,0.2,0,0.333,0.0,0,0.0,-0.06
58,0.286,0.929,0,1,0,0,0.5,0.714,0.143,0.0,0.0,0.4,0.2,0,0.333,0.37,1,0.0,-0.06
59,0.214,0.929,1,0,0,0,0.0,0.0,0.0,0.0,0.0,0.2,0.2,0,0.5,0.667,1,0.0,0.0
60,0.857,0.143,1,0,0,0,0.0,0.0,0.0,0.0,0.0,0.2,0.2,0,0.667,0.833,1,0.0,0.0
61,0.143,0.571,1,0,0,0,0.0,0.0,0.0,0.0,0.0,0.2,0.2,0,0.833,0.667,1,0.0,0.0
62,0.786,0.286,1,0,0,0,0.0,0.0,0.0,0.0,0.0,0.2,0.2,0,0.0,0.833,1,0.0,0.0
63,1.0,0.929,1,0,0,0,0.0,0.0,0.0,0.0,0.0,0.2,0.4,0,0.167,0.875,0,1.625,-0.21000000000000002
64,1.0,0.929,0,1,0,0,0.714,0.786,0.5,0.0,0.0,0.4,0.4,1,0.167,0.0,0,0.7,-0.21000000000000002
65,1.0,0.929,0,0,1,0,0.714,0.786,0.5,0.429,0.0,0.6,0.4,1,0.167,0.0,0,0.0,-0.21000000000000002
66,1.0,0.929,0,0,1,0,0.714,0.786,0.5,0.429,0.0,0.6,0.4,1,0.167,0.711,1,0.0,-0.21000000000000002
67,0.357,0.857,1,0,0,0,0.0,0.0,0.0,0.0,0.0,0.4,0.2,0,0.333,0.857,0,0.571,-0.11
68,0.357,0.857,0,1,0,0,0.786,0.714,0.714,0.0,0.0,0.4,0.6,0,0.333,0.0,0,0.0,-0.11
69,0.357,0.857,0,1,0,0,0.786,0.714,0.714,0.0,0.0,0.4,0.6,0,0.333,0.313,0,0.313,-0.11
70,0.357,0.857,0,0,1,0,0.786,0.714,0.714,0.357,0.0,0.4,0.6,0,0.333,0.0,0,0.0,-0.11
71,0.357,0.857,0,0,1,0,0.786,0.714,0.714,0.357,0.0,0.4,0.6,0,0.333,0.462,1,0.0,-0.11
72,1.0,0.429,1,0,0,0,0.0,0.0,0.0,0.0,0.0,0.2,0.2,0,0.5,0.667,0,0.667,-0.02
73,1.0,0.429,0,1,0,0,0.214,0.857,0.357,0.0,0.0,0.4,0.4,0,0.5,0.0,0,0.0,-0.02
74,1.0,0.429,0,0,1,0,0.214,0.857,0.357,0.857,0.0,0.6,0.4,0,0.5,0.0,0,0.0,-0.02
75,1.0,0.429,0,0,1,0,0.214,0.857,0.357,0.857,0.0,0.6,0.4,0,0.5,0.5,1,0.0,-0.02
76,0.143,0.929,1,0,0,0,0.0,0.0,0.0,0.0,0.0,0.2,0.2,0,0.667,0.667,1,0.0,0.0
77,0.857,0.143,1,0,0,0,0.0,0.0,0.0,0.0,0.0,0.2,0.2,0,0.833,0.667,1,0.0,0.0
78,0.929,0.786,1,0,0,0,0.0,0.0,0.0,0.0,0.0,0.2,0.2,0,0.0,0.833,0,0.833,0.08
79,0.929,0.786,0,1,0,0,0.286,0.143,0.429,0.0,0.0,0.4,0.2,0,0.0,0.0,0,0.0,0.08
80,0.929,0.786,0,0,1,0,0.286,0.143,0.429,0.214,0.0,0.4,0.6,1,0.0,0.0,0,0.0,0.08
81,0.929,0.786,0,0,0,1,0.286,0.143,0.429,0.214,0.214,0.6,0.6,1,0.0,0.0,0,0.429,0.08
82,0.786,0.929,1,0,0,0,0.0,0.0,0.0,0.0,0.0,0.2,0.2,0,0.167,0.769,0,0.692,0.155
83,0.786,0.929,0,1,0,0,0.786,0.5,0.571,0.0,0.0,0.6,0.4,0,0.167,0.0,0,0.0,0.155
84,0.786,0.929,0,0,1,0,0.786,0.5,0.571,0.643,0.0,0.6,0.6,1,0.167,0.0,0,0.0,0.155
85,0.786,0.929,0,0,0,1,0.786,0.5,0.571,0.643,0.214,0.8,0.6,1,0.167,0.0,0,0.0,0.155
86,0.786,0.143,1,0,0,0,0.0,0.0,0.0,0.0,0.0,0.2,0.2,0,0.333,0.8,0,0.4,0.09
87,0.786,0.143,0,1,0,0,0.929,0.786,0.786,0.0,0.0,0.4,0.2,0,0.333,0.0,0,0.0,0.09
88,0.786,0.143,0,1,0,0,0.929,0.786,0.786,0.0,0.0,0.4,0.2,0,0.333,0.417,0,0.417,0.09
89,0.786,0.143,0,0,1,0,0.929,0.786,0.786,0.214,0.0,0.4,0.4,0,0.333,0.0,0,0.0,0.09
90,0.786,0.143,0,0,0,1,0.929,0.786,0.786,0.214,0.5,0.6,0.4,0,0.333,0.0,0,0.235,0.09
91,0.786,0.429,1,0,0,0,0.0,0.0,0.0,0.0,0.0,0.2,0.2,0,0.5,0.667,1,0.0,0.0
92,0.643,0.357,1,0,0,0,0.0,0.0,0.0,0.0,0.0,0.2,0.2,0,0.667,0.667,1,0.0,0.0
93,0.857,0.429,1,0,0,0,0.0,0.0,0.0,0.0,0.0,0.2,0.2,0,0.833,0.857,1,0.0,0.0
94,1.0,0.357,1,0,0,0,0.0,0.0,0.0,0.0,0.0,0.4,0.2,0,0.0,0.8,0,0.8,0.945
95,1.0,0.357,0,1,0,0,1.0,0.357,0.643,0.0,0.0,0.4,0.2,0,0.0,0.364,0,0.364,0.945
96,1.0,0.357,0,0,1,0,1.0,0.357,0.643,0.286,0.0,0.6,0.4,0,0.0,0.345,0,0.345,0.945
97,1.0,0.357,0,0,0,1,1.0,0.357,0.643,0.286,0.643,0.8,0.4,0,0.0,0.338,0,0.338,0.945
98,0.5,0.929,1,0,0,0,0.0,0.0,0.0,0.0,0.0,0.2,0.2,0,0.333,0.857,1,0.0,-0.01
99,1.0,0.357,1,0,0,0,0.0,0.0,0.0,0.0,0.0,0.2,0.2,0,0.5,0.25,0,0.0,-0.06
100,1.0,0.357,0,1,0,0,0.786,0.429,0.929,0.0,0.0,0.6,0.4,0,0.5,0.0,0,0.0,-0.06
101,1.0,0.357,0,0,1,0,0.786,0.429,0.929,0.357,0.0,0.6,0.4,0,0.5,0.0,0,0.0,-0.06
102,1.0,0.357,0,0,0,1,0.786,0.429,0.929,0.357,0.143,0.8,0.4,0,0.5,0.0,0,0.5,-0.06
103,0.571,0.571,1,0,0,0,0.0,0.0,0.0,0.0,0.0,0.2,0.2,0,0.667,0.667,0,0.667,0.115
104,0.571,0.571,0,1,0,0,0.643,0.357,0.143,0.0,0.0,0.4,0.4,0,0.667,0.0,0,0.5,0.115
105,0.571,0.571,0,0,1,0,0.643,0.357,0.143,0.714,0.0,0.4,0.6,0,0.667,0.091,0,0.091,0.115
106,0.571,0.571,0,0,0,1,0.643,0.357,0.143,0.714,0.214,0.4,0.6,0,0.667,0.0,0,0.333,0.115
107,0.571,0.643,1,0,0,0,0.0,0.0,0.0,0.0,0.0,0.4,0.4,0,0.0,0.909,1,0.0,0.0
108,0.143,1.0,1,0,0,0,0.0,0.0,0.0,0.0,0.0,0.4,0.4,0,0.167,0.667,0,0.333,0.02
109,0.143,1.0,0,1,0,0,0.286,0.714,0.286,0.0,0.0,0.4,0.4,0,0.167,0.0,0,0.0,0.02
110,0.143,1.0,0,0,1,0,0.286,0.714,0.286,1.0,0.0,0.4,0.4,0,0.167,0.0,0,0.0,0.02
111,0.143,1.0,0,0,0,1,0.286,0.714,0.286,1.0,0.786,0.4,0.4,0,0.167,0.0,0,0.5,0.02
112,0.214,0.5,1,0,0,0,0.0,0.0,0.0,0.0,0.0,0.2,0.2,0,0.333,0.455,1,0.0,-0.02
113,0.643,0.857,1,0,0,0,0.0,0.0,0.0,0.0,0.0,0.2,0.2,0,0.5,0.667,0,1.333,0.15
114,0.643,0.857,0,1,0,0,0.929,0.857,0.357,0.0,0.0,0.4,0.4,0,0.5,0.0,0,0.429,0.15
115,0.643,0.857,0,0,1,0,0.929,0.857,0.357,0.214,0.0,0.4,0.4,0,0.5,0.0,0,0.615,0.15
116,0.643,0.857,0,0,0,1,0.929,0.857,0.357,0.214,1.0,0.6,0.6,0,0.5,0.0,0,0.0,0.15
117,0.286,0.429,1,0,0,0,0.0,0.0,0.0,0.0,0.0,0.2,0.2,0,0.667,0.667,1,0.0,0.0
118,0.929,0.286,1,0,0,0,0.0,0.0,0.0,0.0,0.0,0.2,0.2,0,0.833,0.667,1,0.0,0.0
119,0.357,0.929,1,0,0,0,0.0,0.0,0.0,0.0,0.0,0.2,0.2,0,0.0,0.667,1,0.0,0.0
120,0.714,0.714,1,0,0,0,0.0,0.0,0.0,0.0,0.0,0.2,0.2,0,0.167,0.4,0,0.8,-0.18000000000000002
121,0.714,0.714,0,1,0,0,0.143,0.286,0.929,0.0,0.0,0.6,0.2,0,0.167,0.0,0,0.556,-0.18000000000000002
122,0.714,0.714,0,0,1,0,0.143,0.286,0.929,0.357,0.0,0.8,0.4,0,0.167,0.0,0,0.0,-0.18000000000000002
123,0.714,0.714,0,0,1,0,0.143,0.286,0.929,0.357,0.0,0.8,0.4,0,0.167,0.345,0,0.345,-0.18000000000000002
124,0.714,0.714,0,0,0,1,0.143,0.286,0.929,0.357,0.214,0.8,0.8,0,0.167,0.0,0,0.0,-0.18000000000000002
125,0.357,0.214,1,0,0,0,0.0,0.0,0.0,0.0,0.0,0.2,0.2,0,0.333,0.333,0,0.0,-0.05
126,0.357,0.214,0,1,0,0,0.786,0.357,0.286,0.0,0.0,0.4,0.6,0,0.333,0.0,0,0.5,-0.05
127,0.357,0.214,0,0,1,0,0.786,0.357,0.286,0.643,0.0,0.4,0.6,0,0.333,0.0,0,0.0,-0.05
128,0.357,0.214,0,0,0,1,0.786,0.357,0.286,0.643,0.143,0.6,0.8,0,0.333,0.0,0,0.0,-0.05
129,0.786,0.143,1,0,0,0,0.0,0.0,0.0,0.0,0.0,0.2,0.2,0,0.667,0.667,1,0.0,0.0
130,0.357,0.286,1,0,0,0,0.0,0.0,0.0,0.0,0.0,0.4,0.4,0,0.833,0.857,1,0.0,0.0
131,0.571,0.714,1,0,0,0,0.0,0.0,0.0,0.0,0.0,0.2,0.2,0,0.0,0.486,1,0.0,0.0
132,0.143,0.643,1,0,0,0,0.0,0.0,0.0,0.0,0.0,0.4,0.2,0,0.167,0.435,1,0.0,-0.01
133,0.5,0.643,1,0,0,0,0.0,0.0,0.0,0.0,0.0,0.2,0.2,0,0.333,0.769,1,0.0,-0.02
134,1.0,1.0,1,0,0,0,0.0,0.0,0.0,0.0,0.0,0.2,0.2,0,0.0,0.8,0,0.8,-0.76
135,1.0,1.0,0,1,0,0,0.571,0.714,0.143,0.0,0.0,0.4,0.4,0,0.0,0.389,0,0.389,-0.76
136,1.0,1.0,0,0,1,0,0.571,0.714,0.143,0.786,0.0,0.6,0.4,0,0.0,0.536,0,1.478,-0.76
137,0.643,0.286,1,0,0,0,0.0,0.0,0.0,0.0,0.0,0.4,0.2,0,0.167,0.857,1,0.0,-0.01
138,0.786,0.143,1,0,0,0,0.0,0.0,0.0,0.0,0.0,0.2,0.2,0,0.833,0.667,1,0.0,0.0
139,0.714,0.643,1,0,0,0,0.0,0.0,0.0,0.0,0.0,0.2,0.4,0,0.0,0.667,0,1.333,-0.02
140,0.714,0.643,1,0,0,0,0.0,0.0,0.0,0.0,0.0,0.2,0.4,0,0.0,0.706,1,-0.235,-0.02
141,0.143,0.429,1,0,0,0,0.0,0.0,0.0,0.0,0.0,0.2,0.2,0,0.167,0.857,1,0.0,-0.01
142,0.857,0.143,1,0,0,0,0.0,0.0,0.0,0.0,0.0,0.2,0.2,0,0.333,0.833,0,0.5,0.09
143,0.857,0.143,0,1,0,0,0.143,0.286,0.571,0.0,0.0,0.4,0.2,0,0.333,0.0,0,0.0,0.09
144,0.857,0.143,0,1,0,0,0.143,0.286,0.571,0.0,0.0,0.4,0.2,0,0.333,0.308,0,0.308,0.09
145,0.857,0.143,0,0,1,0,0.143,0.286,0.571,0.714,0.0,0.4,0.2,0,0.333,0.0,0,0.0,0.09
146,0.857,0.143,0,0,0,1,0.143,0.286,0.571,0.714,0.357,0.4,0.4,0,0.333,0.0,0,0.0,0.09
147,0.643,0.929,1,0,0,0,0.0,0.0,0.0,0.0,0.0,0.4,0.2,0,0.5,0.667,0,0.667,-0.22
148,0.643,0.929,1,0,0,0,0.0,0.0,0.0,0.0,0.0,0.4,0.2,0,0.5,0.8,0,0.72,-0.22
149,0.643,0.929,0,1,0,0,0.286,0.5,0.714,0.0,0.0,0.6,0.4,0,0.5,0.392,1,0.0,-0.22
150,0.5,0.714,1,0,0,0,0.0,0.0,0.0,0.0,0.0,0.2,0.2,0,0.667,0.667,1,0.0,0.0
151,0.214,0.929,1,0,0,0,0.0,0.0,0.0,0.0,0.0,0.2,0.2,0,0.833,0.857,1,0.0,0.0
152,0.857,1.0,1,0,0,0,0.0,0.0,0.0,0.0,0.0,0.2,0.2,0,0.0,0.667,0,1.333,0.075
153,0.857,1.0,1,0,0,0,0.0,0.0,0.0,0.0,0.0,0.2,0.2,0,0.0,0.375,0,-0.125,0.075
154,0.857,1.0,0,1,0,0,0.143,0.214,0.571,0.0,0.0,0.4,0.6,0,0.0,0.0,0,0.727,0.075
155,0.571,0.286,1,0,0,0,0.0,0.0,0.0,0.0,0.0,0.2,0.2,0,0.167,0.8,1,0.0,-0.01
156,0.643,0.143,1,0,0,0,0.0,0.0,0.0,0.0,0.0,0.4,0.2,0,0.333,0.933,1,0.0,-0.02
157,0.429,0.429,1,0,0,0,0.0,0.0,0.0,0.0,0.0,0.2,0.2,0,0.5,0.667,0,0.667,0.025
158,0.429,0.429,0,1,0,0,0.571,0.357,0.714,0.0,0.0,0.4,0.4,0,0.5,0.0,0,0.0,0.025
159,0.429,0.429,0,0,1,0,0.571,0.357,0.714,0.5,0.0,0.4,0.8,1,0.5,0.0,0,0.6,0.025
160,0.571,1.0,1,0,0,0,0.0,0.0,0.0,0.0,0.0,0.2,0.2,0,0.667,0.857,1,0.0,0.0
161,0.571,0.929,1,0,0,0,0.0,0.0,0.0,0.0,0.0,0.4,0.2,0,0.833,0.857,1,0.0,0.0
162,0.5,0.571,1,0,0,0,0.0,0.0,0.0,0.0,0.0,0.2,0.4,0,0.0,0.857,1,0.0,0.0
163,0.5,0.714,1,0,0,0,0.0,0.0,0.0,0.0,0.0,0.2,0.2,0,0.167,0.923,1,0.0,-0.01
164,0.643,0.143,1,0,0,0,0.0,0.0,0.0,0.0,0.0,0.2,0.2,0,0.333,0.8,1,0.0,-0.02
165,0.214,0.786,1,0,0,0,0.0,0.0,0.0,0.0,0.0,0.2,0.2,0,0.5,0.667,1,0.0,0.0
166,1.0,0.214,1,0,0,0,0.0,0.0,0.0,0.0,0.0,0.2,0.2,0,0.667,0.667,0,0.667,-0.02
167,1.0,0.214,1,0,0,0,0.0,0.0,0.0,0.0,0.0,0.2,0.2,0,0.667,0.545,1,-0.182,-0.02
168,0.5,0.5,1,0,0,0,0.0,0.0,0.0,0.0,0.0,0.2,0.2,0,0.833,0.667,0,1.333,-0.14
169,0.5,0.5,0,1,0,0,0.143,0.214,0.929,0.0,0.0,0.4,0.4,0,0.833,0.0,0,0.714,-0.14
170,0.5,0.5,0,0,1,0,0.143,0.214,0.929,0.786,0.0,0.4,0.4,0,0.833,0.0,0,0.0,-0.14
171,0.5,0.5,0,0,0,1,0.143,0.214,0.929,0.786,1.0,0.4,0.6,0,0.833,0.0,0,0.412,-0.14
172,0.643,0.5,1,0,0,0,0.0,0.0,0.0,0.0,0.0,0.2,0.2,0,0.0,0.857,1,0.0,0.0
173,0.857,0.571,1,0,0,0,0.0,0.0,0.0,0.0,0.0,0.2,0.2,0,0.167,0.857,1,0.0,-0.01
174,0.214,0.429,1,0,0,0,0.0,0.0,0.0,0.0,0.0,0.2,0.2,0,0.333,0.5,0,0.25,-0.08
175,0.214,0.429,0,1,0,0,0.5,0.929,0.286,0.0,0.0,0.4,0.4,1,0.333,0.0,0,0.0,-0.08
176,0.214,0.429,0,1,0,0,0.5,0.929,0.286,0.0,0.0,0.4,0.4,1,0.333,0.222,0,0.222,-0.08
177,0.214,0.429,0,0,1,0,0.5,0.929,0.286,0.643,0.0,0.6,0.4,1,0.333,0.0,0,0.0,-0.08
178,0.214,0.429,0,0,0,1,0.5,0.929,0.286,0.643,1.0,0.6,0.4,1,0.333,0.0,0,0.0,-0.08
179,0.786,0.429,1,0,0,0,0.0,0.0,0.0,0.0,0.0,0.2,0.2,0,0.5,0.667,1,0.0,0.0
180,0.643,0.286,1,0,0,0,0.0,0.0,0.0,0.0,0.0,0.4,0.2,0,0.667,0.857,1,0.0,0.0
181,0.857,0.286,1,0,0,0,0.0,0.0,0.0,0.0,0.0,0.4,0.2,0,0.833,0.667,1,0.0,0.0
182,0.786,0.643,1,0,0,0,0.0,0.0,0.0,0.0,0.0,0.2,0.2,0,0.0,0.4,0,0.8,-0.08
183,0.786,0.643,0,1,0,0,0.714,0.857,0.214,0.0,0.0,0.6,0.8,0,0.0,0.0,0,0.667,-0.08
184,0.786,0.643,0,0,1,0,0.714,0.857,0.214,0.286,0.0,0.6,0.8,0,0.0,0.0,0,0.0,-0.08
185,0.786,0.643,0,0,0,1,0.714,0.857,0.214,0.286,0.286,0.6,0.8,0,0.0,0.462,1,0.0,-0.08
186,0.929,0.429,1,0,0,0,0.0,0.0,0.0,0.0,0.0,0.2,0.2,0,0.167,0.667,0,1.333,-0.09
187,0.929,0.429,0,1,0,0,1.0,0.929,0.5,0.0,0.0,0.4,0.4,0,0.167,0.0,0,0.0,-0.09
188,0.929,0.429,0,1,0,0,1.0,0.929,0.5,0.0,0.0,0.4,0.4,0,0.167,0.364,0,0.909,-0.09
189,0.929,0.429,0,0,1,0,1.0,0.929,0.5,0.143,0.0,0.4,0.4,0,0.167,0.0,0,0.0,-0.09
190,0.929,0.429,0,0,0,1,1.0,0.929,0.5,0.143,0.571,0.6,0.6,0,0.167,0.0,0,0.0,-0.09
191,0.929,0.643,1,0,0,0,0.0,0.0,0.0,0.0,0.0,0.2,0.2,0,0.333,0.833,0,0.5,-0.09
192,0.929,0.643,0,1,0,0,0.857,0.286,0.786,0.0,0.0,0.6,0.6,1,0.333,0.308,0,0.308,-0.09
193,0.929,0.643,0,0,1,0,0.857,0.286,0.786,0.857,0.0,0.6,0.6,1,0.333,0.452,1,0.0,-0.09
194,0.357,0.714,1,0,0,0,0.0,0.0,0.0,0.0,0.0,0.4,0.2,0,0.667,0.667,1,0.0,0.0
195,0.643,0.571,1,0,0,0,0.0,0.0,0.0,0.0,0.0,0.4,0.4,0,0.833,0.667,0,1.333,-0.02
196,0.429,0.857,1,0,0,0,0.0,0.0,0.0,0.0,0.0,0.4,0.2,0,0.0,0.941,1,0.0,0.0
197,0.643,0.786,1,0,0,0,0.0,0.0,0.0,0.0,0.0,0.4,0.2,0,0.167,0.833,0,0.667,0.19
198,0.643,0.786,0,1,0,0,0.429,0.786,0.357,0.0,0.0,0.6,0.4,0,0.167,0.0,0,0.0,0.19
199,0.643,0.786,0,1,0,0,0.429,0.786,0.357,0.0,0.0,0.6,0.4,0,0.167,0.286,0,0.286,0.19
200,0.643,0.786,0,0,1,0,0.429,0.786,0.357,0.786,0.0,0.6,0.4,0,0.167,0.0,0,0.0,0.19
201,0.643,0.786,0,0,0,1,0.429,0.786,0.357,0.786,0.143,0.6,0.4,0,0.167,0.0,0,0.0,0.19
202,0.643,0.786,0,0,0,1,0.429,0.786,0.357,0.786,0.143,0.6,0.4,0,0.167,0.357,0,0.857,0.19
203,0.929,1.0,1,0,0,0,0.0,0.0,0.0,0.0,0.0,0.2,0.4,0,0.333,0.462,0,0.769,-0.38
204,0.929,1.0,0,1,0,0,0.929,0.786,0.714,0.0,0.0,0.4,0.4,1,0.333,0.0,0,0.0,-0.38
205,0.929,1.0,0,0,1,0,0.929,0.786,0.714,0.286,0.0,0.6,0.4,1,0.333,0.0,0,0.64,-0.38
206,0.929,1.0,0,0,1,0,0.929,0.786,0.714,0.286,0.0,0.6,0.4,1,0.333,0.281,0,0.0,-0.38
207,0.929,1.0,0,0,0,1,0.929,0.786,0.714,0.286,0.143,0.6,0.4,1,0.333,0.0,0,0.0,-0.38
208,0.929,1.0,0,0,0,1,0.929,0.786,0.714,0.286,0.143,0.6,0.4,1,0.333,0.784,1,0.0,-0.38
209,0.786,0.214,1,0,0,0,0.0,0.0,0.0,0.0,0.0,0.4,0.2,0,0.5,0.667,1,0.0,0.0
210,0.786,0.857,1,0,0,0,0.0,0.0,0.0,0.0,0.0,0.2,0.4,0,0.667,0.4,0,0.8,0.05
211,0.786,0.857,0,1,0,0,0.429,0.143,0.714,0.0,0.0,0.4,0.6,0,0.667,0.0,0,0.4,0.05
212,0.643,0.429,1,0,0,0,0.0,0.0,0.0,0.0,0.0,0.2,0.2,0,0.833,0.8,1,0.0,0.0
213,0.214,0.286,1,0,0,0,0.0,0.0,0.0,0.0,0.0,0.2,0.4,0,0.0,0.444,1,0.0,0.0
214,0.214,1.0,1,0,0,0,0.0,0.0,0.0,0.0,0.0,0.2,0.2,0,0.167,0.8,0,0.6,0.06
215,0.214,1.0,0,1,0,0,0.571,0.929,0.286,0.0,0.0,0.6,0.4,0,0.167,0.0,0,0.0,0.06
216,0.214,1.0,0,0,1,0,0.571,0.929,0.286,0.143,0.0,0.8,0.8,0,0.167,0.0,0,0.6,0.06
217,0.286,0.643,1,0,0,0,0.0,0.0,0.0,0.0,0.0,0.2,0.2,0,0.333,0.333,0,0.0,0.03
218,0.286,0.643,0,1,0,0,0.786,0.643,0.143,0.0,0.0,0.6,0.2,0,0.333,0.0,0,0.5,0.03
219,0.143,0.857,1,0,0,0,0.0,0.0,0.0,0.0,0.0,0.2,0.2,0,0.5,0.667,1,0.0,0.0
220,0.786,0.143,1,0,0,0,0.0,0.0,0.0,0.0,0.0,0.4,0.2,0,0.667,0.667,1,0.0,0.0
221,0.714,0.714,1,0,0,0,0.0,0.0,0.0,0.0,0.0,0.2,0.2,0,0.833,0.4,0,1.2,-0.12
222,0.714,0.714,0,1,0,0,0.429,0.214,1.0,0.0,0.0,0.4,0.2,0,0.833,0.0,0,0.615,-0.12
223,0.714,0.714,0,0,1,0,0.429,0.214,1.0,0.929,0.0,0.4,0.4,0,0.833,0.0,0,0.0,-0.12
224,0.714,0.714,0,0,0,1,0.429,0.214,1.0,0.929,0.5,0.4,0.4,0,0.833,0.0,0,0.0,-0.12
225,0.286,0.5,1,0,0,0,0.0,0.0,0.0,0.0,0.0,0.2,0.2,0,0.0,0.4,0,0.4,-0.02
226,0.286,0.5,0,1,0,0,0.786,1.0,0.357,0.0,0.0,0.4,0.4,0,0.0,0.333,1,0.0,-0.02
227,0.5,0.714,1,0,0,0,0.0,0.0,0.0,0.0,0.0,0.4,0.2,0,0.167,0.833,0,0.667,-0.05
228,0.5,0.714,0,1,0,0,0.857,0.929,1.0,0.0,0.0,0.6,0.6,1,0.167,0.0,0,0.0,-0.05
229,0.5,0.714,0,1,0,0,0.857,0.929,1.0,0.0,0.0,0.6,0.6,1,0.167,0.435,1,0.0,-0.05
230,0.286,0.643,1,0,0,0,0.0,0.0,0.0,0.0,0.0,0.4,0.2,0,0.333,0.947,1,0.0,-0.02
231,1.0,0.286,1,0,0,0,0.0,0.0,0.0,0.0,0.0,0.2,0.2,0,0.5,0.667,0,0.667,0.025
232,1.0,0.286,0,1,0,0,0.214,0.429,0.929,0.0,0.0,0.4,0.4,0,0.5,0.0,0,0.0,0.025
233,1.0,0.286,0,0,1,0,0.214,0.429,0.929,0.5,0.0,0.4,0.4,1,0.5,0.0,0,0.6,0.025
234,0.214,0.643,1,0,0,0,0.0,0.0,0.0,0.0,0.0,0.2,0.2,0,0.667,0.4,1,0.0,0.0
235,0.929,0.214,1,0,0,0,0.0,0.0,0.0,0.0,0.0,0.2,0.2,0,0.833,0.667,1,0.0,0.0
236,0.429,0.643,1,0,0,0,0.0,0.0,0.0,0.0,0.0,0.2,0.2,0,0.0,0.667,0,1.333,-0.02
237,0.429,0.643,1,0,0,0,0.0,0.0,0.0,0.0,0.0,0.2,0.2,0,0.0,0.692,1,-0.154,-0.02
238,0.929,0.571,1,0,0,0,0.0,0.0,0.0,0.0,0.0,0.2,0.2,0,0.167,0.455,1,0.0,-0.01
239,0.857,0.5,1,0,0,0,0.0,0.0,0.0,0.0,0.0,0.2,0.2,0,0.333,0.5,0,0.3,-0.05
240,0.857,0.5,0,1,0,0,0.143,0.143,0.429,0.0,0.0,0.4,0.4,0,0.333,0.0,0,0.0,-0.05
241,0.857,0.5,0,0,1,0,0.143,0.143,0.429,0.786,0.0,0.4,0.4,0,0.333,0.0,0,0.0,-0.05
242,0.857,0.5,0,0,1,0,0.143,0.143,0.429,0.786,0.0,0.4,0.4,0,0.333,0.409,1,0.0,-0.05
243,0.143,0.5,1,0,0,0,0.0,0.0,0.0,0.0,0.0,0.2,0.2,0,0.5,0.667,1,0.0,0.0
244,0.643,0.143,1,0,0,0,0.0,0.0,0.0,0.0,0.0,0.4,0.2,0,0.667,0.4,1,0.0,0.0
245,0.357,0.143,1,0,0,0,0.0,0.0,0.0,0.0,0.0,0.2,0.2,0,0.833,0.667,1,0.0,0.0
246,0.357,0.929,1,0,0,0,0.0,0.0,0.0,0.0,0.0,0.4,0.2,0,0.0,0.333,0,0.333,0.09
247,0.357,0.929,0,1,0,0,0.929,0.714,0.286,0.0,0.0,0.6,0.4,0,0.0,0.0,0,0.556,0.09
248,0.357,0.929,0,0,1,0,0.929,0.714,0.286,0.214,0.0,0.6,0.6,0,0.0,0.0,0,0.0,0.09
249,0.357,0.929,0,0,0,1,0.929,0.714,0.286,0.214,0.5,0.6,0.6,1,0.0,0.0,0,0.526,0.09
250,0.786,0.286,1,0,0,0,0.0,0.0,0.0,0.0,0.0,0.2,0.2,0,0.333,0.667,1,0.0,-0.01
251,0.357,0.929,1,0,0,0,0.0,0.0,0.0,0.0,0.0,0.2,0.2,0,0.5,0.667,1,0.0,0.0
252,0.5,0.5,1,0,0,0,0.0,0.0,0.0,0.0,0.0,0.2,0.2,0,0.667,0.667,0,1.333,-0.19999999999999998
253,0.5,0.5,0,1,0,0,0.643,0.429,0.643,0.0,0.0,0.6,0.4,0,0.667,0.0,0,0.6,-0.19999999999999998
254,0.5,0.5,0,0,1,0,0.643,0.429,0.643,0.214,0.0,0.6,0.4,0,0.667,0.0,0,0.545,-0.19999999999999998
255,0.5,0.5,0,0,0,1,0.643,0.429,0.643,0.214,0.429,0.6,0.4,0,0.667,0.0,0,0.0,-0.19999999999999998
256,0.357,0.357,1,0,0,0,0.0,0.0,0.0,0.0,0.0,0.2,0.2,0,0.833,0.8,0,0.8,-0.04
257,0.357,0.357,1,0,0,0,0.0,0.0,0.0,0.0,0.0,0.2,0.2,0,0.833,0.7,1,-0.133,-0.04
258,0.143,0.571,1,0,0,0,0.0,0.0,0.0,0.0,0.0,0.4,0.2,0,0.0,0.455,1,0.0,0.0
259,0.429,0.571,1,0,0,0,0.0,0.0,0.0,0.0,0.0,0.4,0.2,0,0.167,0.8,1,0.0,-0.01
260,0.786,0.857,1,0,0,0,0.0,0.0,0.0,0.0,0.0,0.2,0.4,0,0.333,0.857,0,0.571,0.13
261,0.786,0.857,0,1,0,0,0.714,0.5,0.857,0.0,0.0,0.6,0.6,0,0.333,0.0,0,0.0,0.13
262,0.786,0.857,0,0,1,0,0.714,0.5,0.857,0.643,0.0,0.6,0.8,1,0.333,0.0,0,0.636,0.13
263,0.786,0.857,0,0,0,1,0.714,0.5,0.857,0.643,0.5,0.6,0.8,1,0.333,0.0,0,0.36,0.13
264,0.143,0.643,1,0,0,0,0.0,0.0,0.0,0.0,0.0,0.2,0.2,0,0.667,0.667,1,0.0,0.0
265,0.286,0.929,1,0,0,0,0.0,0.0,0.0,0.0,0.0,0.4,0.2,0,0.833,0.4,1,0.0,0.0
266,0.643,0.143,1,0,0,0,0.0,0.0,0.0,0.0,0.0,0.2,0.2,0,0.0,0.4,1,0.0,0.0
267,0.143,0.5,1,0,0,0,0.0,0.0,0.0,0.0,0.0,0.2,0.2,0,0.333,0.455,0,10.364,1.615
268,0.786,0.5,1,0,0,0,0.0,0.0,0.0,0.0,0.0,0.2,0.2,0,0.5,0.857,0,0.571,-0.47000000000000003
269,0.786,0.5,0,1,0,0,0.571,0.5,0.786,0.0,0.0,0.4,0.4,0,0.5,0.0,0,0.0,-0.47000000000000003
270,0.786,0.5,0,0,1,0,0.571,0.5,0.786,0.714,0.0,0.6,0.4,1,0.5,0.0,0,0.636,-0.47000000000000003
271,0.786,0.5,0,0,1,0,0.571,0.5,0.786,0.714,0.0,0.6,0.4,1,0.5,0.379,0,0.138,-0.47000000000000003
272,0.786,0.5,0,0,0,1,0.571,0.5,0.786,0.714,0.929,0.6,0.4,1,0.5,0.0,0,0.0,-0.47000000000000003
273,0.786,0.5,0,0,0,1,0.571,0.5,0.786,0.714,0.929,0.6,0.4,1,0.5,0.365,0,0.365,-0.47000000000000003
274,0.929,0.357,1,0,0,0,0.0,0.0,0.0,0.0,0.0,0.2,0.2,0,0.667,0.667,1,0.0,0.0
275,0.571,0.929,1,0,0,0,0.0,0.0,0.0,0.0,0.0,0.2,0.2,0,0.833,0.667,1,0.0,0.0
276,0.857,0.429,1,0,0,0,0.0,0.0,0.0,0.0,0.0,0.2,0.2,0,0.0,0.857,1,0.0,0.0
277,0.143,0.929,1,0,0,0,0.0,0.0,0.0,0.0,0.0,0.2,0.2,0,0.167,0.667,1,0.0,-0.01
278,0.786,1.0,1,0,0,0,0.0,0.0,0.0,0.0,0.0,0.2,0.2,0,0.333,0.5,0,0.0,0.02
279,0.786,1.0,0,1,0,0,0.357,1.0,0.786,0.0,0.0,0.4,0.2,0,0.333,0.0,0,0.0,0.02
280,0.786,1.0,0,0,1,0,0.357,1.0,0.786,0.143,0.0,0.4,0.4,0,0.333,0.0,0,0.0,0.02
281,0.786,1.0,0,0,0,1,0.357,1.0,0.786,0.143,0.929,0.4,0.4,0,0.333,0.0,0,1.0,0.02
282,0.214,0.857,1,0,0,0,0.0,0.0,0.0,0.0,0.0,0.2,0.2,0,0.667,0.667,1,0.0,0.0
283,0.929,0.857,1,0,0,0,0.0,0.0,0.0,0.0,0.0,0.2,0.4,0,0.833,0.667,0,1.333,-0.02
284,0.5,0.286,1,0,0,0,0.0,0.0,0.0,0.0,0.0,0.2,0.2,0,0.0,0.833,1,0.0,0.0
285,0.857,0.786,1,0,0,0,0.0,0.0,0.0,0.0,0.0,0.4,0.4,0,0.167,0.857,0,0.714,0.07
286,0.857,0.786,0,1,0,0,0.143,0.286,0.571,0.0,0.0,0.4,0.4,0,0.167,0.0,0,0.0,0.07
287,0.857,0.786,0,0,1,0,0.143,0.286,0.571,0.429,0.0,0.4,0.4,0,0.167,0.0,0,0.583,0.07
288,0.429,0.786,1,0,0,0,0.0,0.0,0.0,0.0,0.0,0.2,0.2,0,0.333,0.312,0,0.188,-0.05
289,0.429,0.786,0,1,0,0,0.571,1.0,0.286,0.0,0.0,0.4,0.2,0,0.333,0.0,0,0.0,-0.05
290,0.429,0.786,0,1,0,0,0.571,1.0,0.286,0.0,0.0,0.4,0.2,0,0.333,0.314,1,0.0,-0.05
291,0.429,0.929,1,0,0,0,0.0,0.0,0.0,0.0,0.0,0.2,0.2,0,0.5,0.667,1,0.0,0.0
292,0.714,0.5,1,0,0,0,0.0,0.0,0.0,0.0,0.0,0.4,0.2,0,0.667,0.667,0,0.667,-0.02
293,0.714,0.5,1,0,0,0,0.0,0.0,0.0,0.0,0.0,0.4,0.2,0,0.667,0.667,1,-0.133,-0.02
294,0.286,0.857,1,0,0,0,0.0,0.0,0.0,0.0,0.0,0.2,0.2,0,0.833,0.857,1,0.0,0.0
295,0.714,0.357,1,0,0,0,0.0,0.0,0.0,0.0,0.0,0.2,0.2,0,0.0,0.667,0,1.333,-0.02
296,0.714,0.357,0,1,0,0,0.571,1.0,0.714,0.0,0.0,0.4,0.2,0,0.0,0.0,0,0.0,-0.02
297,0.714,0.357,0,0,1,0,0.571,1.0,0.714,0.214,0.0,0.4,0.2,0,0.0,0.0,0,0.0,-0.02
298,0.714,0.357,0,0,0,1,0.571,1.0,0.714,0.214,0.286,0.4,0.6,1,0.0,0.0,0,0.0,-0.02
299,0.857,0.357,1,0,0,0,0.0,0.0,0.0,0.0,0.0,0.4,0.2,0,0.167,0.667,0,1.333,-0.03
300,0.429,0.143,1,0,0,0,0.0,0.0,0.0,0.0,0.0,0.4,0.2,0,0.333,0.5,0,0.3,-0.13
301,0.429,0.143,0,1,0,0,0.929,0.857,0.286,0.0,0.0,0.6,0.4,0,0.333,0.0,0,0.0,-0.13
302,0.429,0.143,0,0,1,0,0.929,0.857,0.286,0.714,0.0,0.6,0.4,0,0.333,0.0,0,0.615,-0.13
303,0.429,0.143,0,0,0,1,0.929,0.857,0.286,0.714,0.429,0.6,0.4,0,0.333,0.0,0,0.0,-0.13
304,0.214,0.714,1,0,0,0,0.0,0.0,0.0,0.0,0.0,0.2,0.2,0,0.5,0.667,1,0.0,0.0
305,0.429,0.571,1,0,0,0,0.0,0.0,0.0,0.0,0.0,0.2,0.2,0,0.667,0.667,1,0.0,0.0
306,0.857,0.929,1,0,0,0,0.0,0.0,0.0,0.0,0.0,0.2,0.4,0,0.0,0.667,0,2.0,-0.8099999999999999
307,0.857,0.929,1,0,0,0,0.0,0.0,0.0,0.0,0.0,0.2,0.4,0,0.0,0.72,0,0.48,-0.8099999999999999
308,0.857,0.929,0,1,0,0,0.357,0.429,0.786,0.0,0.0,0.4,0.6,0,0.0,0.0,0,0.0,-0.8099999999999999
309,0.857,0.929,0,0,1,0,0.357,0.429,0.786,0.5,0.0,0.6,0.6,0,0.0,0.0,0,0.395,-0.8099999999999999
310,0.857,0.929,0,0,0,1,0.357,0.429,0.786,0.5,0.5,0.6,0.6,0,0.0,0.0,0,0.545,-0.8099999999999999
311,1.0,0.714,1,0,0,0,0.0,0.0,0.0,0.0,0.0,0.4,0.2,0,0.167,0.667,0,1.333,-0.03
312,0.357,0.429,1,0,0,0,0.0,0.0,0.0,0.0,0.0,0.4,0.4,0,0.333,0.833,0,0.5,0.12
313,0.357,0.429,0,1,0,0,0.929,0.929,0.786,0.0,0.0,0.6,0.4,0,0.333,0.0,0,0.0,0.12
314,0.357,0.429,0,1,0,0,0.929,0.929,0.786,0.0,0.0,0.6,0.4,0,0.333,0.438,0,0.438,0.12
315,0.357,0.429,0,0,1,0,0.929,0.929,0.786,0.286,0.0,0.6,0.6,0,0.333,0.0,0,0.0,0.12
316,0.357,0.429,0,0,0,1,0.929,0.929,0.786,0.286,1.0,0.8,0.6,0,0.333,0.0,0,0.565,0.12
317,0.357,0.857,1,0,0,0,0.0,0.0,0.0,0.0,0.0,0.2,0.2,0,0.5,0.667,1,0.0,0.0
318,0.357,0.571,1,0,0,0,0.0,0.0,0.0,0.0,0.0,0.2,0.2,0,0.667,0.667,1,0.0,0.0
319,0.929,0.643,1,0,0,0,0.0,0.0,0.0,0.0,0.0,0.2,0.2,0,0.833,0.667,0,1.333,-0.02
320,0.929,0.643,1,0,0,0,0.0,0.0,0.0,0.0,0.0,0.2,0.2,0,0.833,0.615,1,-0.308,-0.02
321,0.571,0.857,1,0,0,0,0.0,0.0,0.0,0.0,0.0,0.4,0.2,0,0.0,0.667,0,1.333,-0.02
322,0.643,0.571,1,0,0,0,0.0,0.0,0.0,0.0,0.0,0.2,0.4,0,0.167,0.462,1,0.0,-0.01
323,0.643,0.714,1,0,0,0,0.0,0.0,0.0,0.0,0.0,0.2,0.4,0,0.333,0.947,1,0.0,-0.02
324,0.5,0.714,1,0,0,0,0.0,0.0,0.0,0.0,0.0,0.2,0.2,0,0.5,0.667,1,0.0,0.0
325,0.643,0.5,1,0,0,0,0.0,0.0,0.0,0.0,0.0,0.4,0.2,0,0.667,0.857,1,0.0,0.0
326,0.786,0.143,1,0,0,0,0.0,0.0,0.0,0.0,0.0,0.4,0.2,0,0.833,0.667,1,0.0,0.0
327,0.286,0.786,1,0,0,0,0.0,0.0,0.0,0.0,0.0,0.4,0.2,0,0.0,0.667,0,1.333,0.06
328,0.286,0.786,0,1,0,0,0.571,0.143,0.857,0.0,0.0,0.6,0.4,0,0.0,0.0,0,0.0,0.06
329,0.286,0.786,0,0,1,0,0.571,0.143,0.857,0.214,0.0,0.6,0.6,0,0.0,0.0,0,0.6,0.06
330,1.0,0.571,1,0,0,0,0.0,0.0,0.0,0.0,0.0,0.2,0.2,0,0.167,0.667,0,1.333,-0.03
331,0.5,0.5,1,0,0,0,0.0,0.0,0.0,0.0,0.0,0.2,0.2,0,0.333,0.462,0,0.769,0.31
332,0.5,0.5,0,1,0,0,0.143,0.5,0.143,0.0,0.0,0.4,0.2,0,0.333,0.0,0,0.0,0.31
333,0.5,0.5,0,1,0,0,0.143,0.5,0.143,0.0,0.0,0.4,0.2,0,0.333,0.419,0,0.837,0.31
334,0.5,0.929,1,0,0,0,0.0,0.0,0.0,0.0,0.0,0.2,0.2,0,0.5,0.667,1,0.0,0.0
335,0.286,0.214,1,0,0,0,0.0,0.0,0.0,0.0,0.0,0.2,0.4,0,0.667,0.667,1,0.0,0.0
336,0.429,0.714,1,0,0,0,0.0,0.0,0.0,0.0,0.0,0.2,0.2,0,0.833,0.667,1,0.0,0.0
337,0.714,0.143,1,0,0,0,0.0,0.0,0.0,0.0,0.0,0.4,0.2,0,0.0,0.667,0,1.333,-0.02
338,0.214,0.429,1,0,0,0,0.0,0.0,0.0,0.0,0.0,0.4,0.2,0,0.167,0.857,1,0.0,-0.01
339,0.929,0.786,1,0,0,0,0.0,0.0,0.0,0.0,0.0,0.2,0.2,0,0.333,0.333,0,0.167,-0.16
340,0.929,0.786,1,0,0,0,0.0,0.0,0.0,0.0,0.0,0.2,0.2,0,0.333,0.385,0,0.846,-0.16
341,0.929,0.786,1,0,0,0,0.0,0.0,0.0,0.0,0.0,0.2,0.2,0,0.333,0.741,1,-0.1,-0.16
342,0.714,0.143,1,0,0,0,0.0,0.0,0.0,0.0,0.0,0.2,0.2,0,0.5,0.667,1,0.0,0.0
343,0.286,0.357,1,0,0,0,0.0,0.0,0.0,0.0,0.0,0.2,0.4,0,0.667,0.667,1,0.0,0.0
344,0.429,0.143,1,0,0,0,0.0,0.0,0.0,0.0,0.0,0.2,0.2,0,0.833,0.833,1,0.0,0.0
345,0.5,0.357,1,0,0,0,0.0,0.0,0.0,0.0,0.0,0.2,0.2,0,0.0,0.8,1,0.0,0.0
346,0.357,0.357,1,0,0,0,0.0,0.0,0.0,0.0,0.0,0.2,0.2,0,0.167,0.833,0,0.667,-0.05
347,0.357,0.357,0,1,0,0,1.0,0.286,0.929,0.0,0.0,0.4,0.4,0,0.167,0.0,0,0.0,-0.05
348,0.357,0.357,0,1,0,0,1.0,0.286,0.929,0.0,0.0,0.4,0.4,0,0.167,0.35,1,0.0,-0.05
349,1.0,0.786,1,0,0,0,0.0,0.0,0.0,0.0,0.0,0.4,0.2,0,0.333,0.857,0,1.429,0.1
350,1.0,0.786,0,1,0,0,0.643,0.214,0.429,0.0,0.0,0.6,0.2,0,0.333,0.0,0,0.467,0.1
351,0.929,0.571,1,0,0,0,0.0,0.0,0.0,0.0,0.0,0.2,0.2,0,0.5,0.667,1,0.0,0.0
352,0.786,0.286,1,0,0,0,0.0,0.0,0.0,0.0,0.0,0.4,0.2,0,0.667,0.667,1,0.0,0.0
353,0.929,1.0,1,0,0,0,0.0,0.0,0.0,0.0,0.0,0.2,0.4,0,0.833,0.667,0,2.0,-0.04
354,0.286,0.429,1,0,0,0,0.0,0.0,0.0,0.0,0.0,0.2,0.2,0,0.0,0.667,0,1.333,-0.02
355,0.286,0.286,1,0,0,0,0.0,0.0,0.0,0.0,0.0,0.2,0.2,0,0.167,0.8,0,0.6,-0.04
356,0.286,0.286,0,1,0,0,0.857,0.786,0.143,0.0,0.0,0.4,0.4,0,0.167,0.0,0,0.0,-0.04
357,0.286,0.286,0,1,0,0,0.857,0.786,0.143,0.0,0.0,0.4,0.4,0,0.167,0.429,1,0.0,-0.04
358,1.0,0.5,1,0,0,0,0.0,0.0,0.0,0.0,0.0,0.2,0.2,0,0.333,0.833,0,0.5,0.195
359,1.0,0.5,0,1,0,0,0.786,0.857,1.0,0.0,0.0,0.4,0.4,0,0.333,0.0,0,0.0,0.195
360,1.0,0.5,0,1,0,0,0.786,0.857,1.0,0.0,0.0,0.4,0.4,0,0.333,0.308,0,0.308,0.195
361,1.0,0.5,0,0,1,0,0.786,0.857,1.0,0.429,0.0,0.6,0.4,0,0.333,0.0,0,0.0,0.195
362,1.0,0.5,0,0,1,0,0.786,0.857,1.0,0.429,0.0,0.6,0.4,0,0.333,0.393,0,0.393,0.195
363,1.0,0.5,0,0,0,1,0.786,0.857,1.0,0.429,0.5,0.6,0.4,0,0.333,0.0,0,0.0,0.195
364,0.429,0.929,1,0,0,0,0.0,0.0,0.0,0.0,0.0,0.2,0.2,0,0.0,0.8,1,0.0,0.0
365,0.143,0.643,1,0,0,0,0.0,0.0,0.0,0.0,0.0,0.4,0.2,0,0.167,0.444,1,0.0,-0.01
366,1.0,0.643,1,0,0,0,0.0,0.0,0.0,0.0,0.0,0.4,0.2,0,0.333,0.8,0,0.4,0.045
367,1.0,0.643,0,1,0,0,0.357,0.571,0.214,0.0,0.0,0.4,0.4,0,0.333,0.0,0,0.0,0.045
368,1.0,0.643,0,0,1,0,0.357,0.571,0.214,0.286,0.0,0.6,0.6,1,0.333,0.0,0,0.714,0.045
369,0.429,0.571,1,0,0,0,0.0,0.0,0.0,0.0,0.0,0.4,0.2,0,0.5,0.667,1,0.0,0.0
370,0.5,0.786,1,0,0,0,0.0,0.0,0.0,0.0,0.0,0.2,0.2,0,0.667,0.667,1,0.0,0.0
371,0.857,0.714,1,0,0,0,0.0,0.0,0.0,0.0,0.0,0.2,0.2,0,0.0,0.667,0,1.333,-0.02
372,0.857,0.714,0,1,0,0,0.5,0.286,0.643,0.0,0.0,0.6,0.4,0,0.0,0.556,1,0.0,-0.02
373,0.286,0.143,1,0,0,0,0.0,0.0,0.0,0.0,0.0,0.4,0.2,0,0.167,0.833,1,0.0,-0.01
374,0.214,0.857,1,0,0,0,0.0,0.0,0.0,0.0,0.0,0.2,0.2,0,0.333,0.952,1,0.0,-0.02
375,1.0,0.286,1,0,0,0,0.0,0.0,0.0,0.0,0.0,0.2,0.2,0,0.5,0.667,1,0.0,0.0
376,0.5,0.5,1,0,0,0,0.0,0.0,0.0,0.0,0.0,0.2,0.2,0,0.667,0.667,0,1.333,-0.09000000000000001
377,0.5,0.5,0,1,0,0,0.214,0.643,0.643,0.0,0.0,0.6,0.2,0,0.667,0.0,0,0.0,-0.09000000000000001
378,0.5,0.5,0,0,1,0,0.214,0.643,0.643,1.0,0.0,0.6,0.2,0,0.667,0.0,0,0.636,-0.09000000000000001
379,0.5,0.5,0,0,0,1,0.214,0.643,0.643,1.0,0.571,0.6,0.6,0,0.667,0.0,0,0.0,-0.09000000000000001
380,0.571,0.357,1,0,0,0,0.0,0.0,0.0,0.0,0.0,0.2,0.2,0,0.833,0.833,1,0.0,0.0
381,0.214,0.357,1,0,0,0,0.0,0.0,0.0,0.0,0.0,0.2,0.2,0,0.0,0.667,0,1.333,-0.02
382,0.429,0.429,1,0,0,0,0.0,0.0,0.0,0.0,0.0,0.2,0.2,0,0.167,0.4,0,0.8,0.05
383,0.429,0.429,0,1,0,0,0.286,0.143,0.929,0.0,0.0,0.4,0.2,0,0.167,0.0,0,0.556,0.05
384,0.429,0.857,1,0,0,0,0.0,0.0,0.0,0.0,0.0,0.2,0.2,0,0.333,0.857,0,0.571,0.13
385,0.429,0.857,0,1,0,0,0.714,0.429,0.357,0.0,0.0,0.4,0.4,0,0.333,0.0,0,0.0,0.13
386,0.429,0.857,0,1,0,0,0.714,0.429,0.357,0.0,0.0,0.4,0.4,0,0.333,0.389,0,0.889,0.13
387,0.929,0.286,1,0,0,0,0.0,0.0,0.0,0.0,0.0,0.2,0.2,0,0.5,0.667,1,0.0,0.0
388,0.143,0.643,1,0,0,0,0.0,0.0,0.0,0.0,0.0,0.2,0.2,0,0.667,0.4,1,0.0,0.0
389,0.429,0.143,1,0,0,0,0.0,0.0,0.0,0.0,0.0,0.2,0.2,0,0.833,0.8,1,0.0,0.0
390,1.0,0.571,1,0,0,0,0.0,0.0,0.0,0.0,0.0,0.4,0.2,0,0.0,0.667,0,1.333,0.045
391,1.0,0.571,0,1,0,0,0.214,0.714,1.0,0.0,0.0,0.6,0.2,0,0.0,0.0,0,0.0,0.045
392,1.0,0.571,0,0,1,0,0.214,0.714,1.0,0.714,0.0,0.6,0.2,0,0.0,0.0,0,0.714,0.045
393,0.571,0.714,1,0,0,0,0.0,0.0,0.0,0.0,0.0,0.4,0.2,0,0.167,0.4,1,0.0,-0.01
394,0.214,0.357,1,0,0,0,0.0,0.0,0.0,0.0,0.0,0.2,0.2,0,0.333,0.4,0,0.0,0.045
395,0.214,0.357,0,1,0,0,0.143,0.214,0.357,0.0,0.0,0.4,0.4,0,0.333,0.0,0,0.0,0.045
396,0.214,0.357,0,1,0,0,0.143,0.214,0.357,0.0,0.0,0.4,0.4,0,0.333,0.286,0,0.286,0.045
397,0.214,0.357,0,0,1,0,0.143,0.214,0.357,0.571,0.0,0.4,0.4,0,0.333,0.0,0,0.0,0.045
398,0.214,0.357,0,0,0,1,0.143,0.214,0.357,0.571,0.571,0.6,0.4,0,0.333,0.0,0,0.333,0.045
399,0.143,1.0,1,0,0,0,0.0,0.0,0.0,0.0,0.0,0.2,0.4,0,0.833,0.667,0,1.333,-0.02
400,0.143,1.0,1,0,0,0,0.0,0.0,0.0,0.0,0.0,0.2,0.4,0,0.833,0.735,1,-0.118,-0.02
401,0.786,0.143,1,0,0,0,0.0,0.0,0.0,0.0,0.0,0.2,0.2,0,0.0,0.667,0,1.333,0.19
402,0.786,0.143,0,1,0,0,0.857,1.0,0.429,0.0,0.0,0.6,0.4,0,0.0,0.0,0,0.625,0.19
403,0.786,0.143,0,0,1,0,0.857,1.0,0.429,1.0,0.0,0.6,0.4,0,0.0,0.0,0,0.556,0.19
404,0.786,0.143,0,0,0,1,0.857,1.0,0.429,1.0,0.857,0.6,0.4,0,0.0,0.0,0,0.0,0.19
405,0.286,0.714,1,0,0,0,0.0,0.0,0.0,0.0,0.0,0.2,0.2,0,0.167,0.667,1,0.0,-0.01
406,0.429,0.571,1,0,0,0,0.0,0.0,0.0,0.0,0.0,0.4,0.2,0,0.333,0.571,0,0.286,-0.04
407,0.429,0.571,0,1,0,0,0.857,0.5,0.714,0.0,0.0,0.4,0.6,1,0.333,0.0,0,0.0,-0.04
408,0.429,0.571,0,0,1,0,0.857,0.5,0.714,0.714,0.0,0.4,0.6,1,0.333,0.0,0,0.0,-0.04
409,0.429,0.571,0,0,0,1,0.857,0.5,0.714,0.714,0.929,0.4,0.6,1,0.333,0.0,0,0.0,-0.04
410,1.0,0.214,1,0,0,0,0.0,0.0,0.0,0.0,0.0,0.2,0.2,0,0.5,0.667,0,0.667,0.025
411,1.0,0.214,0,1,0,0,0.643,0.786,0.357,0.0,0.0,0.6,0.2,0,0.5,0.0,0,0.6,0.025
412,0.429,0.357,1,0,0,0,0.0,0.0,0.0,0.0,0.0,0.4,0.4,0,0.833,0.667,0,1.333,-0.02
413,0.429,0.357,1,0,0,0,0.0,0.0,0.0,0.0,0.0,0.4,0.4,0,0.833,0.737,1,-0.211,-0.02
414,0.214,0.857,1,0,0,0,0.0,0.0,0.0,0.0,0.0,0.2,0.2,0,0.0,0.8,1,0.0,0.0
415,0.143,0.429,1,0,0,0,0.0,0.0,0.0,0.0,0.0,0.2,0.2,0,0.167,0.8,1,0.0,-0.01
416,0.143,0.429,1,0,0,0,0.0,0.0,0.0,0.0,0.0,0.2,0.2,0,0.333,0.444,0,0.222,-0.04
417,0.143,0.429,0,1,0,0,0.571,0.714,0.357,0.0,0.0,0.4,0.4,0,0.333,0.0,0,0.0,-0.04
418,0.143,0.429,0,0,1,0,0.571,0.714,0.357,0.786,0.0,0.4,0.4,0,0.333,0.0,0,0.0,-0.04
419,0.143,0.429,0,0,1,0,0.571,0.714,0.357,0.786,0.0,0.4,0.4,0,0.333,0.476,1,0.0,-0.04
420,0.214,0.286,1,0,0,0,0.0,0.0,0.0,0.0,0.0,0.2,0.4,0,0.5,0.667,1,0.0,0.0
421,0.214,0.286,1,0,0,0,0.0,0.0,0.0,0.0,0.0,0.2,0.4,0,0.667,0.667,1,0.0,0.0
422,0.429,0.929,1,0,0,0,0.0,0.0,0.0,0.0,0.0,0.2,0.2,0,0.833,0.8,1,0.0,0.0
423,0.714,1.0,1,0,0,0,0.0,0.0,0.0,0.0,0.0,0.4,0.2,0,0.0,0.667,0,1.333,-0.02
424,0.429,0.786,1,0,0,0,0.0,0.0,0.0,0.0,0.0,0.2,0.2,0,0.167,0.667,0,1.333,0.295
425,0.429,0.786,0,1,0,0,0.571,0.786,0.857,0.0,0.0,0.6,0.4,0,0.167,0.0,0,0.571,0.295
426,0.429,0.786,0,0,1,0,0.571,0.786,0.857,0.214,0.0,0.6,0.4,0,0.167,0.0,0,0.0,0.295
427,0.429,0.786,0,0,1,0,0.571,0.786,0.857,0.214,0.0,0.6,0.4,0,0.167,0.348,0,0.348,0.295
428,0.429,0.786,0,0,0,1,0.571,0.786,0.857,0.214,0.786,0.6,0.4,0,0.167,0.0,0,0.0,0.295
429,0.429,0.786,0,0,0,1,0.571,0.786,0.857,0.214,0.786,0.6,0.4,0,0.167,0.34,0,1.021,0.295
430,0.786,0.571,1,0,0,0,0.0,0.0,0.0,0.0,0.0,0.4,0.2,0,0.333,0.571,0,0.286,0.065
431,0.786,0.571,0,1,0,0,0.929,0.429,0.286,0.0,0.0,0.8,0.2,0,0.333,0.0,0,0.0,0.065
432,0.786,0.571,0,0,1,0,0.929,0.429,0.286,0.857,0.0,0.8,0.6,0,0.333,0.0,0,0.636,0.065
433,0.643,0.357,1,0,0,0,0.0,0.0,0.0,0.0,0.0,0.2,0.2,0,0.5,0.667,1,0.0,0.0
434,0.857,0.5,1,0,0,0,0.0,0.0,0.0,0.0,0.0,0.2,0.2,0,0.667,0.667,1,0.0,0.0
435,0.357,0.643,1,0,0,0,0.0,0.0,0.0,0.0,0.0,0.2,0.2,0,0.833,0.8,1,0.0,0.0
436,0.429,0.786,1,0,0,0,0.0,0.0,0.0,0.0,0.0,0.2,0.2,0,0.0,0.444,1,0.0,0.0
437,1.0,0.857,1,0,0,0,0.0,0.0,0.0,0.0,0.0,0.2,0.2,0,0.167,0.667,0,1.333,-0.23
438,1.0,0.857,0,1,0,0,0.571,0.929,0.643,0.0,0.0,0.6,0.6,0,0.167,0.0,0,0.0,-0.23
439,1.0,0.857,0,0,1,0,0.571,0.929,0.643,0.857,0.0,0.6,0.6,0,0.167,0.0,0,0.571,-0.23
440,1.0,0.857,0,0,0,1,0.571,0.929,0.643,0.857,0.286,0.6,0.6,0,0.167,0.0,0,0.0,-0.23
441,1.0,0.857,0,0,0,1,0.571,0.929,0.643,0.857,0.286,0.6,0.6,0,0.167,0.516,0,0.516,-0.23
442,0.357,0.929,1,0,0,0,0.0,0.0,0.0,0.0,0.0,0.2,0.2,0,0.333,0.8,0,0.4,0.09
443,0.357,0.929,0,1,0,0,0.929,0.5,0.571,0.0,0.0,0.6,0.4,0,0.333,0.0,0,0.714,0.09
444,0.357,0.929,0,0,1,0,0.929,0.5,0.571,0.857,0.0,0.6,0.4,0,0.333,0.0,0,0.588,0.09
445,0.5,0.571,1,0,0,0,0.0,0.0,0.0,0.0,0.0,0.4,0.4,0,0.5,0.667,1,0.0,0.0
446,0.214,1.0,1,0,0,0,0.0,0.0,0.0,0.0,0.0,0.2,0.2,0,0.667,0.667,0,0.667,0.035
447,0.214,1.0,0,1,0,0,0.143,0.571,0.357,0.0,0.0,0.6,0.6,1,0.667,0.0,0,0.571,0.035
448,0.286,0.714,1,0,0,0,0.0,0.0,0.0,0.0,0.0,0.2,0.2,0,0.833,0.667,1,0.0,0.0
449,0.143,0.429,1,0,0,0,0.0,0.0,0.0,0.0,0.0,0.4,0.2,0,0.0,0.667,0,1.333,-0.02
450,0.429,0.643,1,0,0,0,0.0,0.0,0.0,0.0,0.0,0.4,0.2,0,0.167,0.444,0,0.333,-0.04
451,0.429,0.643,0,1,0,0,1.0,0.857,0.143,0.0,0.0,0.4,0.4,0,0.167,0.0,0,0.0,-0.04
452,0.429,0.643,0,1,0,0,1.0,0.857,0.143,0.0,0.0,0.4,0.4,0,0.167,0.3,1,0.0,-0.04
453,0.214,0.5,1,0,0,0,0.0,0.0,0.0,0.0,0.0,0.4,0.2,0,0.5,0.667,1,0.0,0.0
454,0.286,0.357,1,0,0,0,0.0,0.0,0.0,0.0,0.0,0.2,0.4,0,0.667,0.8,1,0.0,0.0
455,0.571,0.5,1,0,0,0,0.0,0.0,0.0,0.0,0.0,0.4,0.4,0,0.833,0.4,0,0.4,0.47
456,0.571,0.5,1,0,0,0,0.0,0.0,0.0,0.0,0.0,0.4,0.4,0,0.833,0.833,0,0.796,0.47
457,0.786,0.214,1,0,0,0,0.0,0.0,0.0,0.0,0.0,0.2,0.2,0,0.0,0.8,1,0.0,0.0
458,0.929,0.143,1,0,0,0,0.0,0.0,0.0,0.0,0.0,0.2,0.2,0,0.167,0.667,0,1.333,0.08
459,0.929,0.143,0,1,0,0,0.857,0.643,0.5,0.0,0.0,0.8,0.4,0,0.167,0.0,0,0.0,0.08
460,0.929,0.143,0,0,1,0,0.857,0.643,0.5,0.286,0.0,1.0,0.4,0,0.167,0.0,0,0.571,0.08
461,0.929,0.143,0,0,0,1,0.857,0.643,0.5,0.286,0.143,1.2,0.4,0,0.167,0.0,0,0.0,0.08
462,0.857,0.429,1,0,0,0,0.0,0.0,0.0,0.0,0.0,0.2,0.2,0,0.333,0.4,0,0.2,-0.04
463,0.857,0.429,0,1,0,0,1.0,0.214,0.214,0.0,0.0,0.4,0.2,0,0.333,0.0,0,0.0,-0.04
464,0.857,0.429,0,1,0,0,1.0,0.214,0.214,0.0,0.0,0.4,0.2,0,0.333,0.533,1,0.0,-0.04
465,0.857,0.429,1,0,0,0,0.0,0.0,0.0,0.0,0.0,0.2,0.2,0,0.5,0.667,1,0.0,0.0
466,0.571,1.0,1,0,0,0,0.0,0.0,0.0,0.0,0.0,0.2,0.2,0,0.667,0.667,0,1.333,-0.02
467,1.0,0.571,1,0,0,0,0.0,0.0,0.0,0.0,0.0,0.2,0.2,0,0.833,0.667,0,1.333,-0.02
468,0.357,0.857,1,0,0,0,0.0,0.0,0.0,0.0,0.0,0.2,0.2,0,0.0,0.667,1,0.0,0.0
469,0.929,0.786,1,0,0,0,0.0,0.0,0.0,0.0,0.0,0.4,0.2,0,0.167,0.923,0,1.692,0.24
470,0.929,0.786,0,1,0,0,0.571,0.571,0.214,0.0,0.0,0.4,0.2,0,0.167,0.0,0,0.0,0.24
471,0.929,0.786,0,0,1,0,0.571,0.571,0.214,0.714,0.0,0.4,0.4,0,0.167,0.0,0,0.0,0.24
472,0.929,0.786,0,0,0,1,0.571,0.571,0.214,0.714,0.429,0.6,0.4,0,0.167,0.0,0,0.758,0.24
473,0.286,0.357,1,0,0,0,0.0,0.0,0.0,0.0,0.0,0.2,0.4,0,0.333,0.8,0,0.4,0.37
474,0.286,0.357,0,1,0,0,0.786,0.429,0.214,0.0,0.0,0.4,0.8,0,0.333,0.0,0,0.714,0.37
475,0.286,0.357,0,0,1,0,0.786,0.429,0.214,0.714,0.0,0.6,0.8,0,0.333,0.0,0,0.0,0.37
476,0.286,0.357,0,0,1,0,0.786,0.429,0.214,0.714,0.0,0.6,0.8,0,0.333,0.37,0,0.37,0.37
477,0.286,0.357,0,0,0,1,0.786,0.429,0.214,0.714,0.143,0.6,1.0,0,0.333,0.0,0,0.541,0.37
478,0.143,0.5,1,0,0,0,0.0,0.0,0.0,0.0,0.0,0.4,0.2,0,0.5,0.667,1,0.0,0.0
479,0.357,0.143,1,0,0,0,0.0,0.0,0.0,0.0,0.0,0.2,0.2,0,0.667,0.667,1,0.0,0.0
480,0.571,0.643,1,0,0,0,0.0,0.0,0.0,0.0,0.0,0.2,0.4,0,0.833,0.8,1,0.0,0.0
481,0.714,1.0,1,0,0,0,0.0,0.0,0.0,0.0,0.0,0.2,0.2,0,0.0,0.667,0,1.333,0.285
482,0.714,1.0,1,0,0,0,0.0,0.0,0.0,0.0,0.0,0.2,0.2,0,0.0,0.737,0,0.526,0.285
483,0.714,1.0,0,1,0,0,0.5,0.286,1.0,0.0,0.0,0.4,0.2,0,0.0,0.267,0,0.267,0.285
484,0.714,1.0,0,0,1,0,0.5,0.286,1.0,0.5,0.0,0.4,0.2,0,0.0,0.0,0,0.0,0.285
485,0.714,1.0,0,0,0,1,0.5,0.286,1.0,0.5,0.857,0.6,0.2,0,0.0,0.0,0,0.368,0.285
486,0.643,0.571,1,0,0,0,0.0,0.0,0.0,0.0,0.0,0.2,0.4,0,0.167,0.444,1,0.0,-0.01
487,0.429,0.429,1,0,0,0,0.0,0.0,0.0,0.0,0.0,0.2,0.2,0,0.833,0.938,1,0.0,0.0
488,0.786,0.357,1,0,0,0,0.0,0.0,0.0,0.0,0.0,0.2,0.2,0,0.0,0.8,0,0.8,-0.04
489,0.786,0.357,1,0,0,0,0.0,0.0,0.0,0.0,0.0,0.2,0.2,0,0.0,0.64,1,-0.16,-0.04
490,0.286,0.857,1,0,0,0,0.0,0.0,0.0,0.0,0.0,0.4,0.2,0,0.167,0.8,1,0.0,-0.01
491,0.429,0.5,1,0,0,0,0.0,0.0,0.0,0.0,0.0,0.2,0.4,0,0.333,0.857,0,0.571,0.06
492,0.429,0.5,0,1,0,0,0.429,0.571,0.929,0.0,0.0,0.4,0.6,0,0.333,0.0,0,0.545,0.06
493,0.714,0.5,1,0,0,0,0.0,0.0,0.0,0.0,0.0,0.4,0.2,0,0.5,0.667,1,0.0,0.0
494,1.0,0.286,1,0,0,0,0.0,0.0,0.0,0.0,0.0,0.4,0.2,0,0.667,0.667,0,1.333,-0.02
495,1.0,0.286,1,0,0,0,0.0,0.0,0.0,0.0,0.0,0.4,0.2,0,0.667,0.37,1,-0.148,-0.02
496,0.5,0.857,1,0,0,0,0.0,0.0,0.0,0.0,0.0,0.2,0.2,0,0.833,0.667,1,0.0,0.0
497,0.786,0.357,1,0,0,0,0.0,0.0,0.0,0.0,0.0,0.2,0.2,0,0.0,0.667,0,1.333,-0.02
498,0.429,1.0,1,0,0,0,0.0,0.0,0.0,0.0,0.0,0.2,0.2,0,0.333,0.462,1,0.0,-0.01
499,0.143,0.643,1,0,0,0,0.0,0.0,0.0,0.0,0.0,0.2,0.2,0,0.5,0.857,0,0.571,-0.15
500,0.143,0.643,0,1,0,0,0.286,0.286,0.643,0.0,0.0,0.4,0.2,0,0.5,0.0,0,0.0,-0.15
501,0.143,0.643,0,1,0,0,0.286,0.286,0.643,0.0,0.0,0.4,0.2,0,0.5,0.389,0,0.889,-0.15
502,0.143,0.643,0,1,0,0,0.286,0.286,0.643,0.0,0.0,0.4,0.2,0,0.5,0.46,1,-0.32,-0.15
503,0.714,0.143,1,0,0,0,0.0,0.0,0.0,0.0,0.0,0.4,0.2,0,0.667,0.667,1,0.0,0.0
504,0.786,0.357,1,0,0,0,0.0,0.0,0.0,0.0,0.0,0.2,0.2,0,0.833,0.667,1,0.0,0.0
505,0.143,0.571,1,0,0,0,0.0,0.0,0.0,0.0,0.0,0.2,0.2,0,0.0,0.667,0,1.333,0.045
506,0.143,0.571,0,1,0,0,1.0,0.857,0.5,0.0,0.0,0.4,0.4,0,0.0,0.0,0,0.714,0.045
507,0.143,0.786,1,0,0,0,0.0,0.0,0.0,0.0,0.0,0.2,0.2,0,0.167,0.316,1,0.0,-0.01
508,0.143,0.214,1,0,0,0,0.0,0.0,0.0,0.0,0.0,0.2,0.4,0,0.333,0.462,0,0.308,-0.06
509,0.143,0.214,0,1,0,0,0.714,0.5,0.714,0.0,0.0,0.4,0.4,0,0.333,0.0,0,0.0,-0.06
510,0.143,0.214,0,1,0,0,0.714,0.5,0.714,0.0,0.0,0.4,0.4,0,0.333,0.414,1,0.0,-0.06
511,0.429,0.143,1,0,0,0,0.0,0.0,0.0,0.0,0.0,0.2,0.2,0,0.5,0.667,1,0.0,0.0
512,0.643,1.0,1,0,0,0,0.0,0.0,0.0,0.0,0.0,0.2,0.2,0,0.833,0.667,0,1.333,-0.22
513,0.643,1.0,0,1,0,0,0.571,0.857,0.571,0.0,0.0,0.6,0.4,0,0.833,0.0,0,0.714,-0.22
514,0.643,1.0,0,0,1,0,0.571,0.857,0.571,0.5,0.0,0.6,0.6,0,0.833,0.469,0,0.469,-0.22
515,0.643,1.0,0,0,0,1,0.571,0.857,0.571,0.5,0.143,0.6,0.6,0,0.833,0.0,0,0.0,-0.22
516,0.429,0.714,1,0,0,0,0.0,0.0,0.0,0.0,0.0,0.2,0.2,0,0.0,0.667,0,1.333,-0.02
517,0.429,0.714,1,0,0,0,0.0,0.0,0.0,0.0,0.0,0.2,0.2,0,0.0,0.667,1,-0.267,-0.02
518,0.357,0.357,1,0,0,0,0.0,0.0,0.0,0.0,0.0,0.2,0.2,0,0.167,0.8,0,0.6,0.06
519,0.357,0.357,0,1,0,0,0.143,0.929,0.214,0.0,0.0,0.8,0.4,0,0.167,0.0,0,0.0,0.06
520,0.357,0.357,0,0,1,0,0.143,0.929,0.214,0.857,0.0,1.0,0.4,0,0.167,0.0,0,0.6,0.06
521,0.429,0.286,1,0,0,0,0.0,0.0,0.0,0.0,0.0,0.2,0.2,0,0.333,0.947,1,0.0,-0.02
522,0.357,0.214,1,0,0,0,0.0,0.0,0.0,0.0,0.0,0.2,0.2,0,0.5,0.667,0,1.333,-0.07
523,0.357,0.214,0,1,0,0,0.286,0.286,0.143,0.0,0.0,0.4,0.8,0,0.5,0.0,0,0.714,-0.07
524,0.357,0.214,0,0,1,0,0.286,0.286,0.143,0.5,0.0,0.4,0.8,1,0.5,0.0,0,0.0,-0.07
525,0.357,0.214,0,0,0,1,0.286,0.286,0.143,0.5,0.5,0.4,0.8,1,0.5,0.585,1,0.0,-0.07
526,0.786,0.5,1,0,0,0,0.0,0.0,0.0,0.0,0.0,0.2,0.2,0,0.833,0.667,1,0.0,0.0
527,1.0,0.571,1,0,0,0,0.0,0.0,0.0,0.0,0.0,0.2,0.2,0,0.0,0.667,0,1.333,-0.02
528,0.357,0.857,1,0,0,0,0.0,0.0,0.0,0.0,0.0,0.2,0.2,0,0.167,0.444,1,0.0,-0.01
529,0.5,0.286,1,0,0,0,0.0,0.0,0.0,0.0,0.0,0.2,0.2,0,0.333,0.5,1,0.0,-0.02
530,0.929,0.929,1,0,0,0,0.0,0.0,0.0,0.0,0.0,0.2,0.2,0,0.5,0.667,0,1.333,-0.02
531,0.643,0.143,1,0,0,0,0.0,0.0,0.0,0.0,0.0,0.2,0.2,0,0.833,0.667,1,0.0,0.0
532,0.929,0.714,1,0,0,0,0.0,0.0,0.0,0.0,0.0,0.2,0.2,0,0.0,0.667,0,1.333,0.465
533,0.929,0.714,0,1,0,0,0.357,0.286,0.857,0.0,0.0,0.6,0.4,0,0.0,0.0,0,0.714,0.465
534,0.929,0.714,0,0,1,0,0.357,0.286,0.857,0.5,0.0,0.6,0.4,0,0.0,0.0,0,0.588,0.465
535,0.929,0.714,0,0,0,1,0.357,0.286,0.857,0.5,0.857,0.6,0.4,0,0.0,0.448,0,0.448,0.465
536,0.357,0.643,1,0,0,0,0.0,0.0,0.0,0.0,0.0,0.2,0.2,0,0.167,0.667,0,1.333,-0.03
537,0.286,0.571,1,0,0,0,0.0,0.0,0.0,0.0,0.0,0.2,0.2,0,0.333,0.8,0,0.4,-0.19
538,0.286,0.571,0,1,0,0,0.786,0.643,0.786,0.0,0.0,0.4,0.4,0,0.333,0.0,0,0.0,-0.19
539,0.286,0.571,0,0,1,0,0.786,0.643,0.786,0.429,0.0,0.4,0.4,0,0.333,0.0,0,0.714,-0.19
540,0.286,0.571,0,0,0,1,0.786,0.643,0.786,0.429,0.857,0.6,0.4,1,0.333,0.0,0,0.588,-0.19
541,0.286,0.571,0,0,0,1,0.786,0.643,0.786,0.429,0.857,0.6,0.4,1,0.333,0.526,1,-0.175,-0.19
542,0.714,0.643,1,0,0,0,0.0,0.0,0.0,0.0,0.0,0.4,0.4,0,0.5,0.667,0,1.333,-0.02
543,0.714,0.429,1,0,0,0,0.0,0.0,0.0,0.0,0.0,0.2,0.2,0,0.833,0.667,1,0.0,0.0
544,0.714,0.143,1,0,0,0,0.0,0.0,0.0,0.0,0.0,0.4,0.2,0,0.0,0.444,0,0.444,0.15
545,0.714,0.143,0,1,0,0,0.929,0.143,0.643,0.0,0.0,0.4,0.4,0,0.0,0.0,0,0.615,0.15
546,0.714,0.143,0,0,1,0,0.929,0.143,0.643,0.357,0.0,0.4,0.4,0,0.0,0.0,0,0.0,0.15
547,0.714,0.143,0,0,0,1,0.929,0.143,0.643,0.357,0.429,0.6,0.4,0,0.0,0.0,0,0.379,0.15
548,0.429,0.143,1,0,0,0,0.0,0.0,0.0,0.0,0.0,0.2,0.2,0,0.167,0.978,1,0.0,-0.01
549,0.214,0.929,1,0,0,0,0.0,0.0,0.0,0.0,0.0,0.2,0.2,0,0.333,0.947,1,0.0,-0.02
550,0.143,0.857,1,0,0,0,0.0,0.0,0.0,0.0,0.0,0.4,0.2,0,0.5,0.667,1,0.0,0.0
551,0.429,0.214,1,0,0,0,0.0,0.0,0.0,0.0,0.0,0.2,0.2,0,0.667,0.667,1,0.0,0.0
552,1.0,0.643,1,0,0,0,0.0,0.0,0.0,0.0,0.0,0.2,0.2,0,0.833,0.8,0,0.8,-0.09
553,1.0,0.643,0,1,0,0,0.857,0.357,0.929,0.0,0.0,0.4,0.6,0,0.833,0.312,0,0.312,-0.09
554,1.0,0.643,0,0,1,0,0.857,0.357,0.929,0.214,0.0,0.4,0.6,0,0.833,0.3,1,0.0,-0.09
555,0.5,0.429,1,0,0,0,0.0,0.0,0.0,0.0,0.0,0.2,0.4,0,0.0,0.8,1,0.0,0.0
556,0.357,0.857,1,0,0,0,0.0,0.0,0.0,0.0,0.0,0.2,0.2,0,0.167,0.8,1,0.0,-0.01
557,0.786,0.214,1,0,0,0,0.0,0.0,0.0,0.0,0.0,0.2,0.2,0,0.333,0.8,0,0.4,-0.04
558,0.786,0.214,0,1,0,0,0.357,0.429,0.714,0.0,0.0,0.6,0.4,0,0.333,0.0,0,0.0,-0.04
559,0.786,0.214,0,1,0,0,0.357,0.429,0.714,0.0,0.0,0.6,0.4,0,0.333,0.417,1,0.0,-0.04
560,0.929,0.857,1,0,0,0,0.0,0.0,0.0,0.0,0.0,0.2,0.4,0,0.5,0.667,0,1.333,-0.02
561,0.929,0.714,1,0,0,0,0.0,0.0,0.0,0.0,0.0,0.4,0.2,0,0.667,0.667,0,1.333,0.63
562,0.929,0.714,1,0,0,0,0.0,0.0,0.0,0.0,0.0,0.4,0.2,0,0.667,0.5,0,0.1,0.63
563,0.929,0.714,0,1,0,0,0.429,0.643,0.571,0.0,0.0,0.8,0.6,1,0.667,0.4,0,0.4,0.63
564,0.929,0.714,0,0,1,0,0.429,0.643,0.571,1.0,0.0,0.8,0.6,1,0.667,0.364,0,0.364,0.63
565,0.929,0.714,0,0,0,1,0.429,0.643,0.571,1.0,0.857,1.0,0.6,1,0.667,0.0,0,0.36,0.63
566,1.0,0.714,1,0,0,0,0.0,0.0,0.0,0.0,0.0,0.2,0.2,0,0.833,0.667,0,1.333,0.045
567,1.0,0.714,0,1,0,0,0.571,0.357,0.143,0.0,0.0,0.4,0.4,0,0.833,0.0,0,0.714,0.045
568,0.857,0.143,1,0,0,0,0.0,0.0,0.0,0.0,0.0,0.2,0.2,0,0.0,0.667,1,0.0,0.0
569,0.643,0.643,1,0,0,0,0.0,0.0,0.0,0.0,0.0,0.2,0.2,0,0.167,0.8,0,1.8,0.19
570,0.643,0.643,0,1,0,0,0.5,0.571,0.143,0.0,0.0,0.6,0.6,0,0.167,0.0,0,0.667,0.19
571,0.643,0.643,0,0,1,0,0.5,0.571,0.143,0.571,0.0,0.6,0.6,0,0.167,0.0,0,0.4,0.19
572,0.714,0.286,1,0,0,0,0.0,0.0,0.0,0.0,0.0,0.2,0.2,0,0.333,0.8,0,0.4,0.045
573,0.714,0.286,0,1,0,0,1.0,0.357,0.929,0.0,0.0,0.6,0.4,0,0.333,0.0,0,0.0,0.045
574,0.714,0.286,0,0,1,0,1.0,0.357,0.929,0.214,0.0,0.8,0.6,1,0.333,0.0,0,0.714,0.045
575,0.571,0.643,1,0,0,0,0.0,0.0,0.0,0.0,0.0,0.2,0.4,0,0.5,0.667,1,0.0,0.0
576,0.357,0.786,1,0,0,0,0.0,0.0,0.0,0.0,0.0,0.2,0.2,0,0.667,0.8,1,0.0,0.0
577,1.0,0.429,1,0,0,0,0.0,0.0,0.0,0.0,0.0,0.2,0.2,0,0.833,0.833,0,0.833,-0.05
578,1.0,0.429,0,1,0,0,0.929,0.571,0.214,0.0,0.0,0.4,0.4,0,0.833,0.391,1,0.0,-0.05
579,0.857,0.429,1,0,0,0,0.0,0.0,0.0,0.0,0.0,0.2,0.2,0,0.0,0.8,1,0.0,0.0
580,0.5,0.643,1,0,0,0,0.0,0.0,0.0,0.0,0.0,0.2,0.2,0,0.167,0.8,1,0.0,-0.01
581,0.929,0.786,1,0,0,0,0.0,0.0,0.0,0.0,0.0,0.2,0.2,0,0.333,0.444,0,1.222,-0.09000000000000001
582,0.929,0.786,0,1,0,0,1.0,0.214,0.286,0.0,0.0,0.4,0.4,0,0.333,0.0,0,0.0,-0.09000000000000001
583,0.929,0.786,0,1,0,0,1.0,0.214,0.286,0.0,0.0,0.4,0.4,0,0.333,0.286,1,0.0,-0.09000000000000001
584,0.857,0.643,1,0,0,0,0.0,0.0,0.0,0.0,0.0,0.2,0.2,0,0.5,0.667,0,0.667,-0.02
585,0.857,0.643,1,0,0,0,0.0,0.0,0.0,0.0,0.0,0.2,0.2,0,0.5,0.828,1,-0.069,-0.02
586,0.929,0.143,1,0,0,0,0.0,0.0,0.0,0.0,0.0,0.4,0.2,0,0.667,0.667,1,0.0,0.0
587,0.929,0.571,1,0,0,0,0.0,0.0,0.0,0.0,0.0,0.2,0.2,0,0.833,0.667,1,0.0,0.0
588,0.929,0.5,1,0,0,0,0.0,0.0,0.0,0.0,0.0,0.4,0.2,0,0.0,0.444,0,0.444,0.565
589,0.929,0.5,0,1,0,0,0.929,0.714,0.786,0.0,0.0,0.4,0.4,0,0.0,0.0,0,0.562,0.565
590,0.929,0.5,0,0,1,0,0.929,0.714,0.786,0.214,0.0,0.4,0.4,0,0.0,0.0,0,0.529,0.565
591,0.929,0.5,0,0,0,1,0.929,0.714,0.786,0.214,0.214,0.4,0.4,0,0.0,0.0,0,0.343,0.565
592,0.5,0.357,1,0,0,0,0.0,0.0,0.0,0.0,0.0,0.2,0.2,0,0.167,0.8,1,0.0,-0.01
593,0.214,0.643,1,0,0,0,0.0,0.0,0.0,0.0,0.0,0.2,0.2,0,0.333,0.444,0,0.222,-0.11000000000000001
594,0.214,0.643,0,1,0,0,0.714,0.286,0.643,0.0,0.0,0.4,0.4,0,0.333,0.0,0,0.0,-0.11000000000000001
595,0.214,0.643,0,0,1,0,0.714,0.286,0.643,0.786,0.0,0.6,0.6,0,0.333,0.0,0,0.636,-0.11000000000000001
596,0.214,0.643,0,0,1,0,0.714,0.286,0.643,0.786,0.0,0.6,0.6,0,0.333,0.405,1,-0.167,-0.11000000000000001
597,1.0,0.857,1,0,0,0,0.0,0.0,0.0,0.0,0.0,0.4,0.2,0,0.5,0.667,0,1.333,1.15
598,1.0,0.857,1,0,0,0,0.0,0.0,0.0,0.0,0.0,0.4,0.2,0,0.5,0.824,0,4.118,1.15
599,0.786,0.286,1,0,0,0,0.0,0.0,0.0,0.0,0.0,0.2,0.2,0,0.667,0.667,1,0.0,0.0
600,0.5,0.643,1,0,0,0,0.0,0.0,0.0,0.0,0.0,0.4,0.2,0,0.833,0.667,0,1.333,-0.02
601,0.5,0.643,0,1,0,0,1.0,1.0,0.714,0.0,0.0,0.4,0.4,0,0.833,0.0,0,0.0,-0.02
602,0.5,0.643,0,0,1,0,1.0,1.0,0.714,0.857,0.0,0.6,0.4,0,0.833,0.417,1,0.0,-0.02
603,0.143,0.357,1,0,0,0,0.0,0.0,0.0,0.0,0.0,0.4,0.2,0,0.0,0.8,0,2.0,0.11
604,0.143,0.357,0,1,0,0,0.286,0.714,0.357,0.0,0.0,0.6,0.4,0,0.0,0.0,0,0.706,0.11
605,0.214,0.143,1,0,0,0,0.0,0.0,0.0,0.0,0.0,0.4,0.4,0,0.167,0.444,0,0.333,-0.04
606,0.214,0.143,0,1,0,0,0.429,0.929,0.429,0.0,0.0,0.4,0.4,0,0.167,0.0,0,0.0,-0.04
607,0.214,0.143,0,1,0,0,0.429,0.929,0.429,0.0,0.0,0.4,0.4,0,0.167,0.364,1,0.0,-0.04
608,0.643,0.786,1,0,0,0,0.0,0.0,0.0,0.0,0.0,0.2,0.2,0,0.333,0.929,1,0.0,-0.02
609,0.643,0.286,1,0,0,0,0.0,0.0,0.0,0.0,0.0,0.2,0.2,0,0.5,0.667,1,0.0,0.0
610,0.929,0.429,1,0,0,0,0.0,0.0,0.0,0.0,0.0,0.2,0.2,0,0.667,0.667,1,0.0,0.0
611,0.357,0.143,1,0,0,0,0.0,0.0,0.0,0.0,0.0,0.4,0.2,0,0.833,0.667,1,0.0,0.0
612,0.429,0.786,1,0,0,0,0.0,0.0,0.0,0.0,0.0,0.2,0.2,0,0.0,0.667,0,1.333,0.23
613,0.429,0.786,0,1,0,0,0.714,0.786,0.286,0.0,0.0,0.8,0.4,0,0.0,0.0,0,0.0,0.23
614,0.429,0.786,0,0,1,0,0.714,0.786,0.286,0.929,0.0,0.8,0.4,0,0.0,0.2,0,0.9,0.23
615,0.429,0.786,0,0,0,1,0.714,0.786,0.286,0.929,0.643,1.0,0.6,1,0.0,0.0,0,0.417,0.23
616,0.857,0.143,1,0,0,0,0.0,0.0,0.0,0.0,0.0,0.2,0.2,0,0.167,0.667,1,0.0,-0.01
617,0.571,0.5,1,0,0,0,0.0,0.0,0.0,0.0,0.0,0.4,0.4,0,0.333,0.769,0,0.615,-0.1
618,0.571,0.5,0,1,0,0,0.571,0.714,0.357,0.0,0.0,0.4,0.4,0,0.333,0.0,0,0.0,-0.1
619,0.571,0.5,0,1,0,0,0.571,0.714,0.357,0.0,0.0,0.4,0.4,0,0.333,0.462,1,0.0,-0.1
620,0.5,0.214,1,0,0,0,0.0,0.0,0.0,0.0,0.0,0.2,0.2,0,0.833,0.4,1,0.0,0.0
621,0.643,0.143,1,0,0,0,0.0,0.0,0.0,0.0,0.0,0.2,0.2,0,0.0,0.667,0,1.333,-0.02
622,0.643,0.143,1,0,0,0,0.0,0.0,0.0,0.0,0.0,0.2,0.2,0,0.0,0.545,1,-0.364,-0.02
623,0.357,0.429,1,0,0,0,0.0,0.0,0.0,0.0,0.0,0.4,0.4,0,0.167,0.4,0,0.2,-0.02
624,0.357,0.429,0,1,0,0,0.143,0.714,0.571,0.0,0.0,0.6,0.4,0,0.167,0.0,0,0.0,-0.02
625,0.357,0.429,0,1,0,0,0.143,0.714,0.571,0.0,0.0,0.6,0.4,0,0.167,0.5,1,0.0,-0.02
626,0.571,1.0,1,0,0,0,0.0,0.0,0.0,0.0,0.0,0.2,0.2,0,0.333,0.947,1,0.0,-0.02
627,0.714,0.571,1,0,0,0,0.0,0.0,0.0,0.0,0.0,0.4,0.2,0,0.5,0.667,1,0.0,0.0
628,0.643,0.286,1,0,0,0,0.0,0.0,0.0,0.0,0.0,0.2,0.2,0,0.833,0.4,0,0.0,-0.02
629,0.643,0.286,0,1,0,0,0.571,0.929,0.429,0.0,0.0,0.4,0.4,0,0.833,0.0,0,0.0,-0.02
630,0.643,0.286,0,0,1,0,0.571,0.929,0.429,0.786,0.0,0.6,0.4,0,0.833,0.375,1,0.0,-0.02
631,0.143,0.5,1,0,0,0,0.0,0.0,0.0,0.0,0.0,0.4,0.2,0,0.667,0.667,1,0.0,0.0
632,0.571,0.714,1,0,0,0,0.0,0.0,0.0,0.0,0.0,0.4,0.2,0,0.833,0.667,0,1.333,-0.02
633,0.571,0.714,0,1,0,0,0.786,0.286,0.429,0.0,0.0,0.6,0.4,0,0.833,0.0,0,0.0,-0.02
634,0.571,0.714,0,1,0,0,0.786,0.286,0.429,0.0,0.0,0.6,0.4,0,0.833,0.55,1,0.0,-0.02
635,0.429,0.786,1,0,0,0,0.0,0.0,0.0,0.0,0.0,0.2,0.2,0,0.0,0.667,0,1.333,-0.02
636,0.429,0.786,1,0,0,0,0.0,0.0,0.0,0.0,0.0,0.2,0.2,0,0.0,0.706,1,-0.235,-0.02
637,0.786,0.786,1,0,0,0,0.0,0.0,0.0,0.0,0.0,0.2,0.2,0,0.167,0.667,0,1.333,0.08
638,0.786,0.786,0,1,0,0,0.286,0.429,0.357,0.0,0.0,0.6,0.6,0,0.167,0.0,0,0.571,0.08
639,0.786,0.786,0,0,1,0,0.286,0.429,0.357,0.571,0.0,0.8,0.6,1,0.167,0.0,0,0.533,0.08
640,0.643,0.143,1,0,0,0,0.0,0.0,0.0,0.0,0.0,0.2,0.2,0,0.5,0.667,1,0.0,0.0
641,0.286,0.5,1,0,0,0,0.0,0.0,0.0,0.0,0.0,0.2,0.2,0,0.833,0.996,1,0.0,0.0
642,0.714,0.5,1,0,0,0,0.0,0.0,0.0,0.0,0.0,0.4,0.2,0,0.0,0.571,0,0.571,0.085
643,0.714,0.5,0,1,0,0,0.357,0.857,0.786,0.0,0.0,0.6,0.6,0,0.0,0.0,0,0.6,0.085
644,0.214,0.643,1,0,0,0,0.0,0.0,0.0,0.0,0.0,0.2,0.2,0,0.167,0.4,0,0.2,0.075
645,0.214,0.643,0,1,0,0,0.214,0.286,0.929,0.0,0.0,0.4,0.4,0,0.167,0.0,0,0.0,0.075
646,0.214,0.643,0,0,1,0,0.214,0.286,0.929,0.5,0.0,0.6,0.4,0,0.167,0.0,0,0.5,0.075
647,0.214,0.643,0,0,0,1,0.214,0.286,0.929,0.5,0.214,0.6,0.4,0,0.167,0.0,0,0.0,0.075
648,0.429,0.571,1,0,0,0,0.0,0.0,0.0,0.0,0.0,0.2,0.2,0,0.333,0.389,1,0.0,-0.02
649,0.786,0.857,1,0,0,0,0.0,0.0,0.0,0.0,0.0,0.2,0.4,0,0.5,0.667,0,1.333,-0.02
650,0.786,0.857,1,0,0,0,0.0,0.0,0.0,0.0,0.0,0.2,0.4,0,0.5,0.3,1,-0.2,-0.02
651,0.571,0.786,1,0,0,0,0.0,0.0,0.0,0.0,0.0,0.4,0.2,0,0.667,0.667,0,1.333,0.13
652,0.571,0.786,0,1,0,0,0.786,0.286,0.571,0.0,0.0,0.6,0.2,0,0.667,0.389,0,0.889,0.13
653,0.786,1.0,1,0,0,0,0.0,0.0,0.0,0.0,0.0,0.2,0.2,0,0.833,0.286,0,0.571,-0.18
654,0.786,1.0,0,1,0,0,0.5,1.0,0.286,0.0,0.0,0.4,0.2,0,0.833,0.263,0,0.263,-0.18
655,0.786,1.0,0,0,1,0,0.5,1.0,0.286,0.929,0.0,0.4,0.4,0,0.833,0.25,0,0.531,-0.18
656,0.786,1.0,0,0,1,0,0.5,1.0,0.286,0.929,0.0,0.4,0.4,0,0.833,0.586,1,-0.172,-0.18
